2025-05-04T09:12:52.384+05:30  INFO 4892 --- [product-service] [main] c.s.p.ProductServiceApplication          : Starting ProductServiceApplication using Java 23.0.1 with PID 4892 (C:\Users\IPK Computer X\Documents\GitHub\product-service\target\classes started by IPK Computer X in C:\Users\IPK Computer X\Documents\GitHub\product-service)
2025-05-04T09:12:52.386+05:30  INFO 4892 --- [product-service] [main] c.s.p.ProductServiceApplication          : No active profile set, falling back to 1 default profile: "default"
2025-05-04T09:12:53.113+05:30  INFO 4892 --- [product-service] [main] .s.d.r.c.RepositoryConfigurationDelegate : Bootstrapping Spring Data JPA repositories in DEFAULT mode.
2025-05-04T09:12:53.176+05:30  INFO 4892 --- [product-service] [main] .s.d.r.c.RepositoryConfigurationDelegate : Finished Spring Data repository scanning in 52 ms. Found 1 JPA repository interface.
2025-05-04T09:12:59.344+05:30  INFO 4892 --- [product-service] [main] o.s.b.w.embedded.tomcat.TomcatWebServer  : Tomcat initialized with port 8080 (http)
2025-05-04T09:12:59.358+05:30  INFO 4892 --- [product-service] [main] o.apache.catalina.core.StandardService   : Starting service [Tomcat]
2025-05-04T09:12:59.358+05:30  INFO 4892 --- [product-service] [main] o.apache.catalina.core.StandardEngine    : Starting Servlet engine: [Apache Tomcat/10.1.40]
2025-05-04T09:12:59.405+05:30  INFO 4892 --- [product-service] [main] o.a.c.c.C.[Tomcat].[localhost].[/]       : Initializing Spring embedded WebApplicationContext
2025-05-04T09:12:59.406+05:30  INFO 4892 --- [product-service] [main] w.s.c.ServletWebServerApplicationContext : Root WebApplicationContext: initialization completed in 6969 ms
2025-05-04T09:12:59.542+05:30  INFO 4892 --- [product-service] [main] o.hibernate.jpa.internal.util.LogHelper  : HHH000204: Processing PersistenceUnitInfo [name: default]
2025-05-04T09:12:59.622+05:30  INFO 4892 --- [product-service] [main] org.hibernate.Version                    : HHH000412: Hibernate ORM core version 6.6.13.Final
2025-05-04T09:12:59.654+05:30  INFO 4892 --- [product-service] [main] o.h.c.internal.RegionFactoryInitiator    : HHH000026: Second-level cache disabled
2025-05-04T09:12:59.907+05:30  INFO 4892 --- [product-service] [main] o.s.o.j.p.SpringPersistenceUnitInfo      : No LoadTimeWeaver setup: ignoring JPA class transformer
2025-05-04T09:12:59.934+05:30  INFO 4892 --- [product-service] [main] com.zaxxer.hikari.HikariDataSource       : HikariPool-1 - Starting...
2025-05-04T09:13:00.114+05:30  INFO 4892 --- [product-service] [main] com.zaxxer.hikari.pool.HikariPool        : HikariPool-1 - Added connection org.postgresql.jdbc.PgConnection@5f3f3d00
2025-05-04T09:13:00.117+05:30  INFO 4892 --- [product-service] [main] com.zaxxer.hikari.HikariDataSource       : HikariPool-1 - Start completed.
2025-05-04T09:13:00.167+05:30  WARN 4892 --- [product-service] [main] org.hibernate.orm.deprecation            : HHH90000025: PostgreSQLDialect does not need to be specified explicitly using 'hibernate.dialect' (remove the property setting and it will be selected by default)
2025-05-04T09:13:00.186+05:30  INFO 4892 --- [product-service] [main] org.hibernate.orm.connections.pooling    : HHH10001005: Database info:
	Database JDBC URL [Connecting through datasource 'HikariDataSource (HikariPool-1)']
	Database driver: undefined/unknown
	Database version: 16.3
	Autocommit mode: undefined/unknown
	Isolation level: undefined/unknown
	Minimum pool size: undefined/unknown
	Maximum pool size: undefined/unknown
2025-05-04T09:13:00.931+05:30  INFO 4892 --- [product-service] [main] o.h.e.t.j.p.i.JtaPlatformInitiator       : HHH000489: No JTA platform available (set 'hibernate.transaction.jta.platform' to enable JTA platform integration)
2025-05-04T09:13:00.996+05:30  INFO 4892 --- [product-service] [main] j.LocalContainerEntityManagerFactoryBean : Initialized JPA EntityManagerFactory for persistence unit 'default'
2025-05-04T09:13:01.286+05:30  WARN 4892 --- [product-service] [main] JpaBaseConfiguration$JpaWebConfiguration : spring.jpa.open-in-view is enabled by default. Therefore, database queries may be performed during view rendering. Explicitly configure spring.jpa.open-in-view to disable this warning
2025-05-04T09:13:01.512+05:30  WARN 4892 --- [product-service] [main] ion$DefaultTemplateResolverConfiguration : Cannot find template location: classpath:/templates/ (please add some templates, check your Thymeleaf configuration, or set spring.thymeleaf.check-template-location=false)
2025-05-04T09:13:01.617+05:30  WARN 4892 --- [product-service] [main] .s.s.UserDetailsServiceAutoConfiguration : 

Using generated security password: cca50d57-cda3-4775-b43a-98feb325ad85

This generated password is for development use only. Your security configuration must be updated before running your application in production.

2025-05-04T09:13:01.628+05:30  INFO 4892 --- [product-service] [main] r$InitializeUserDetailsManagerConfigurer : Global AuthenticationManager configured with UserDetailsService bean with name inMemoryUserDetailsManager
2025-05-04T09:13:01.813+05:30  INFO 4892 --- [product-service] [main] o.s.b.w.embedded.tomcat.TomcatWebServer  : Tomcat started on port 8080 (http) with context path '/'
2025-05-04T09:13:01.820+05:30  INFO 4892 --- [product-service] [main] c.s.p.ProductServiceApplication          : Started ProductServiceApplication in 10.005 seconds (process running for 10.866)
2025-05-04T09:13:10.491+05:30  INFO 4892 --- [product-service] [http-nio-8080-exec-3] o.a.c.c.C.[Tomcat].[localhost].[/]       : Initializing Spring DispatcherServlet 'dispatcherServlet'
2025-05-04T09:13:10.492+05:30  INFO 4892 --- [product-service] [http-nio-8080-exec-3] o.s.web.servlet.DispatcherServlet        : Initializing Servlet 'dispatcherServlet'
2025-05-04T09:13:10.493+05:30  INFO 4892 --- [product-service] [http-nio-8080-exec-3] o.s.web.servlet.DispatcherServlet        : Completed initialization in 1 ms
2025-05-04T09:16:09.937+05:30  INFO 4892 --- [product-service] [SpringApplicationShutdownHook] o.s.b.w.e.tomcat.GracefulShutdown        : Commencing graceful shutdown. Waiting for active requests to complete
2025-05-04T09:16:09.972+05:30  INFO 4892 --- [product-service] [tomcat-shutdown] o.s.b.w.e.tomcat.GracefulShutdown        : Graceful shutdown complete
2025-05-04T09:16:09.998+05:30  INFO 4892 --- [product-service] [SpringApplicationShutdownHook] j.LocalContainerEntityManagerFactoryBean : Closing JPA EntityManagerFactory for persistence unit 'default'
2025-05-04T09:16:10.030+05:30  INFO 4892 --- [product-service] [SpringApplicationShutdownHook] com.zaxxer.hikari.HikariDataSource       : HikariPool-1 - Shutdown initiated...
2025-05-04T09:16:10.045+05:30  INFO 4892 --- [product-service] [SpringApplicationShutdownHook] com.zaxxer.hikari.HikariDataSource       : HikariPool-1 - Shutdown completed.
2025-05-04T09:16:12.778+05:30  INFO 19272 --- [product-service] [main] c.s.p.ProductServiceApplication          : Starting ProductServiceApplication using Java 23.0.1 with PID 19272 (C:\Users\IPK Computer X\Documents\GitHub\product-service\target\classes started by IPK Computer X in C:\Users\IPK Computer X\Documents\GitHub\product-service)
2025-05-04T09:16:12.780+05:30  INFO 19272 --- [product-service] [main] c.s.p.ProductServiceApplication          : No active profile set, falling back to 1 default profile: "default"
2025-05-04T09:16:13.453+05:30  INFO 19272 --- [product-service] [main] .s.d.r.c.RepositoryConfigurationDelegate : Bootstrapping Spring Data JPA repositories in DEFAULT mode.
2025-05-04T09:16:13.508+05:30  INFO 19272 --- [product-service] [main] .s.d.r.c.RepositoryConfigurationDelegate : Finished Spring Data repository scanning in 46 ms. Found 1 JPA repository interface.
2025-05-04T09:16:14.032+05:30  INFO 19272 --- [product-service] [main] o.s.b.w.embedded.tomcat.TomcatWebServer  : Tomcat initialized with port 8080 (http)
2025-05-04T09:16:14.043+05:30  INFO 19272 --- [product-service] [main] o.apache.catalina.core.StandardService   : Starting service [Tomcat]
2025-05-04T09:16:14.044+05:30  INFO 19272 --- [product-service] [main] o.apache.catalina.core.StandardEngine    : Starting Servlet engine: [Apache Tomcat/10.1.40]
2025-05-04T09:16:14.093+05:30  INFO 19272 --- [product-service] [main] o.a.c.c.C.[Tomcat].[localhost].[/]       : Initializing Spring embedded WebApplicationContext
2025-05-04T09:16:14.094+05:30  INFO 19272 --- [product-service] [main] w.s.c.ServletWebServerApplicationContext : Root WebApplicationContext: initialization completed in 1264 ms
2025-05-04T09:16:14.245+05:30  INFO 19272 --- [product-service] [main] o.hibernate.jpa.internal.util.LogHelper  : HHH000204: Processing PersistenceUnitInfo [name: default]
2025-05-04T09:16:14.318+05:30  INFO 19272 --- [product-service] [main] org.hibernate.Version                    : HHH000412: Hibernate ORM core version 6.6.13.Final
2025-05-04T09:16:14.351+05:30  INFO 19272 --- [product-service] [main] o.h.c.internal.RegionFactoryInitiator    : HHH000026: Second-level cache disabled
2025-05-04T09:16:14.686+05:30  INFO 19272 --- [product-service] [main] o.s.o.j.p.SpringPersistenceUnitInfo      : No LoadTimeWeaver setup: ignoring JPA class transformer
2025-05-04T09:16:14.716+05:30  INFO 19272 --- [product-service] [main] com.zaxxer.hikari.HikariDataSource       : HikariPool-1 - Starting...
2025-05-04T09:16:14.894+05:30  INFO 19272 --- [product-service] [main] com.zaxxer.hikari.pool.HikariPool        : HikariPool-1 - Added connection org.postgresql.jdbc.PgConnection@4ad1a276
2025-05-04T09:16:14.896+05:30  INFO 19272 --- [product-service] [main] com.zaxxer.hikari.HikariDataSource       : HikariPool-1 - Start completed.
2025-05-04T09:16:14.956+05:30  WARN 19272 --- [product-service] [main] org.hibernate.orm.deprecation            : HHH90000025: PostgreSQLDialect does not need to be specified explicitly using 'hibernate.dialect' (remove the property setting and it will be selected by default)
2025-05-04T09:16:14.974+05:30  INFO 19272 --- [product-service] [main] org.hibernate.orm.connections.pooling    : HHH10001005: Database info:
	Database JDBC URL [Connecting through datasource 'HikariDataSource (HikariPool-1)']
	Database driver: undefined/unknown
	Database version: 16.3
	Autocommit mode: undefined/unknown
	Isolation level: undefined/unknown
	Minimum pool size: undefined/unknown
	Maximum pool size: undefined/unknown
2025-05-04T09:16:15.770+05:30  INFO 19272 --- [product-service] [main] o.h.e.t.j.p.i.JtaPlatformInitiator       : HHH000489: No JTA platform available (set 'hibernate.transaction.jta.platform' to enable JTA platform integration)
2025-05-04T09:16:15.845+05:30  INFO 19272 --- [product-service] [main] j.LocalContainerEntityManagerFactoryBean : Initialized JPA EntityManagerFactory for persistence unit 'default'
2025-05-04T09:16:16.129+05:30  WARN 19272 --- [product-service] [main] JpaBaseConfiguration$JpaWebConfiguration : spring.jpa.open-in-view is enabled by default. Therefore, database queries may be performed during view rendering. Explicitly configure spring.jpa.open-in-view to disable this warning
2025-05-04T09:16:16.363+05:30  WARN 19272 --- [product-service] [main] ion$DefaultTemplateResolverConfiguration : Cannot find template location: classpath:/templates/ (please add some templates, check your Thymeleaf configuration, or set spring.thymeleaf.check-template-location=false)
2025-05-04T09:16:16.474+05:30  WARN 19272 --- [product-service] [main] .s.s.UserDetailsServiceAutoConfiguration : 

Using generated security password: 708d90d8-501c-4703-bdbc-6ac76d8659bd

This generated password is for development use only. Your security configuration must be updated before running your application in production.

2025-05-04T09:16:16.487+05:30  INFO 19272 --- [product-service] [main] r$InitializeUserDetailsManagerConfigurer : Global AuthenticationManager configured with UserDetailsService bean with name inMemoryUserDetailsManager
2025-05-04T09:16:16.691+05:30  INFO 19272 --- [product-service] [main] o.s.b.w.embedded.tomcat.TomcatWebServer  : Tomcat started on port 8080 (http) with context path '/'
2025-05-04T09:16:16.699+05:30  INFO 19272 --- [product-service] [main] c.s.p.ProductServiceApplication          : Started ProductServiceApplication in 4.39 seconds (process running for 5.121)
2025-05-04T09:21:52.770+05:30  INFO 19272 --- [product-service] [SpringApplicationShutdownHook] o.s.b.w.e.tomcat.GracefulShutdown        : Commencing graceful shutdown. Waiting for active requests to complete
2025-05-04T09:21:52.827+05:30  INFO 19272 --- [product-service] [tomcat-shutdown] o.s.b.w.e.tomcat.GracefulShutdown        : Graceful shutdown complete
2025-05-04T09:21:52.864+05:30  INFO 19272 --- [product-service] [SpringApplicationShutdownHook] j.LocalContainerEntityManagerFactoryBean : Closing JPA EntityManagerFactory for persistence unit 'default'
2025-05-04T09:21:52.897+05:30  INFO 19272 --- [product-service] [SpringApplicationShutdownHook] com.zaxxer.hikari.HikariDataSource       : HikariPool-1 - Shutdown initiated...
2025-05-04T09:21:52.914+05:30  INFO 19272 --- [product-service] [SpringApplicationShutdownHook] com.zaxxer.hikari.HikariDataSource       : HikariPool-1 - Shutdown completed.
2025-05-04T09:21:58.762+05:30  INFO 15532 --- [product-service] [main] c.s.p.ProductServiceApplication          : Starting ProductServiceApplication using Java 23.0.1 with PID 15532 (C:\Users\IPK Computer X\Documents\GitHub\product-service\target\classes started by IPK Computer X in C:\Users\IPK Computer X\Documents\GitHub\product-service)
2025-05-04T09:21:58.763+05:30  INFO 15532 --- [product-service] [main] c.s.p.ProductServiceApplication          : No active profile set, falling back to 1 default profile: "default"
2025-05-04T09:21:59.442+05:30  INFO 15532 --- [product-service] [main] .s.d.r.c.RepositoryConfigurationDelegate : Bootstrapping Spring Data JPA repositories in DEFAULT mode.
2025-05-04T09:21:59.496+05:30  INFO 15532 --- [product-service] [main] .s.d.r.c.RepositoryConfigurationDelegate : Finished Spring Data repository scanning in 46 ms. Found 1 JPA repository interface.
2025-05-04T09:21:59.980+05:30  INFO 15532 --- [product-service] [main] o.s.b.w.embedded.tomcat.TomcatWebServer  : Tomcat initialized with port 8080 (http)
2025-05-04T09:21:59.993+05:30  INFO 15532 --- [product-service] [main] o.apache.catalina.core.StandardService   : Starting service [Tomcat]
2025-05-04T09:21:59.993+05:30  INFO 15532 --- [product-service] [main] o.apache.catalina.core.StandardEngine    : Starting Servlet engine: [Apache Tomcat/10.1.40]
2025-05-04T09:22:00.044+05:30  INFO 15532 --- [product-service] [main] o.a.c.c.C.[Tomcat].[localhost].[/]       : Initializing Spring embedded WebApplicationContext
2025-05-04T09:22:00.044+05:30  INFO 15532 --- [product-service] [main] w.s.c.ServletWebServerApplicationContext : Root WebApplicationContext: initialization completed in 1235 ms
2025-05-04T09:22:00.223+05:30  INFO 15532 --- [product-service] [main] o.hibernate.jpa.internal.util.LogHelper  : HHH000204: Processing PersistenceUnitInfo [name: default]
2025-05-04T09:22:00.318+05:30  INFO 15532 --- [product-service] [main] org.hibernate.Version                    : HHH000412: Hibernate ORM core version 6.6.13.Final
2025-05-04T09:22:00.353+05:30  INFO 15532 --- [product-service] [main] o.h.c.internal.RegionFactoryInitiator    : HHH000026: Second-level cache disabled
2025-05-04T09:22:00.840+05:30  INFO 15532 --- [product-service] [main] o.s.o.j.p.SpringPersistenceUnitInfo      : No LoadTimeWeaver setup: ignoring JPA class transformer
2025-05-04T09:22:00.874+05:30  INFO 15532 --- [product-service] [main] com.zaxxer.hikari.HikariDataSource       : HikariPool-1 - Starting...
2025-05-04T09:22:01.092+05:30  INFO 15532 --- [product-service] [main] com.zaxxer.hikari.pool.HikariPool        : HikariPool-1 - Added connection org.postgresql.jdbc.PgConnection@61957d9c
2025-05-04T09:22:01.093+05:30  INFO 15532 --- [product-service] [main] com.zaxxer.hikari.HikariDataSource       : HikariPool-1 - Start completed.
2025-05-04T09:22:01.150+05:30  WARN 15532 --- [product-service] [main] org.hibernate.orm.deprecation            : HHH90000025: PostgreSQLDialect does not need to be specified explicitly using 'hibernate.dialect' (remove the property setting and it will be selected by default)
2025-05-04T09:22:01.171+05:30  INFO 15532 --- [product-service] [main] org.hibernate.orm.connections.pooling    : HHH10001005: Database info:
	Database JDBC URL [Connecting through datasource 'HikariDataSource (HikariPool-1)']
	Database driver: undefined/unknown
	Database version: 16.3
	Autocommit mode: undefined/unknown
	Isolation level: undefined/unknown
	Minimum pool size: undefined/unknown
	Maximum pool size: undefined/unknown
2025-05-04T09:22:01.924+05:30  INFO 15532 --- [product-service] [main] o.h.e.t.j.p.i.JtaPlatformInitiator       : HHH000489: No JTA platform available (set 'hibernate.transaction.jta.platform' to enable JTA platform integration)
2025-05-04T09:22:02.036+05:30  INFO 15532 --- [product-service] [main] j.LocalContainerEntityManagerFactoryBean : Initialized JPA EntityManagerFactory for persistence unit 'default'
2025-05-04T09:22:02.332+05:30  WARN 15532 --- [product-service] [main] JpaBaseConfiguration$JpaWebConfiguration : spring.jpa.open-in-view is enabled by default. Therefore, database queries may be performed during view rendering. Explicitly configure spring.jpa.open-in-view to disable this warning
2025-05-04T09:22:02.364+05:30  WARN 15532 --- [product-service] [main] .s.s.UserDetailsServiceAutoConfiguration : 

Using generated security password: 4c3ffb92-aca5-4a5d-b8f4-f357d310f69c

This generated password is for development use only. Your security configuration must be updated before running your application in production.

2025-05-04T09:22:02.375+05:30  INFO 15532 --- [product-service] [main] r$InitializeUserDetailsManagerConfigurer : Global AuthenticationManager configured with UserDetailsService bean with name inMemoryUserDetailsManager
2025-05-04T09:22:02.694+05:30  WARN 15532 --- [product-service] [main] ion$DefaultTemplateResolverConfiguration : Cannot find template location: classpath:/templates/ (please add some templates, check your Thymeleaf configuration, or set spring.thymeleaf.check-template-location=false)
2025-05-04T09:22:02.854+05:30  INFO 15532 --- [product-service] [main] o.s.b.w.embedded.tomcat.TomcatWebServer  : Tomcat started on port 8080 (http) with context path '/'
2025-05-04T09:22:02.861+05:30  INFO 15532 --- [product-service] [main] c.s.p.ProductServiceApplication          : Started ProductServiceApplication in 4.602 seconds (process running for 5.395)
2025-05-04T09:22:16.711+05:30  INFO 15532 --- [product-service] [http-nio-8080-exec-1] o.a.c.c.C.[Tomcat].[localhost].[/]       : Initializing Spring DispatcherServlet 'dispatcherServlet'
2025-05-04T09:22:16.711+05:30  INFO 15532 --- [product-service] [http-nio-8080-exec-1] o.s.web.servlet.DispatcherServlet        : Initializing Servlet 'dispatcherServlet'
2025-05-04T09:22:16.712+05:30  INFO 15532 --- [product-service] [http-nio-8080-exec-1] o.s.web.servlet.DispatcherServlet        : Completed initialization in 1 ms
2025-05-04T09:22:16.809+05:30  INFO 15532 --- [product-service] [http-nio-8080-exec-1] c.s.p.service.Impl.ProductServiceImpl    : Adding a new product
2025-05-04T09:23:03.087+05:30  INFO 15532 --- [product-service] [SpringApplicationShutdownHook] o.s.b.w.e.tomcat.GracefulShutdown        : Commencing graceful shutdown. Waiting for active requests to complete
2025-05-04T09:23:03.102+05:30  INFO 15532 --- [product-service] [tomcat-shutdown] o.s.b.w.e.tomcat.GracefulShutdown        : Graceful shutdown complete
2025-05-04T09:23:03.106+05:30  INFO 15532 --- [product-service] [SpringApplicationShutdownHook] j.LocalContainerEntityManagerFactoryBean : Closing JPA EntityManagerFactory for persistence unit 'default'
2025-05-04T09:23:03.108+05:30  INFO 15532 --- [product-service] [SpringApplicationShutdownHook] com.zaxxer.hikari.HikariDataSource       : HikariPool-1 - Shutdown initiated...
2025-05-04T09:23:03.111+05:30  INFO 15532 --- [product-service] [SpringApplicationShutdownHook] com.zaxxer.hikari.HikariDataSource       : HikariPool-1 - Shutdown completed.
2025-05-04T09:23:05.217+05:30  INFO 11052 --- [product-service] [main] c.s.p.ProductServiceApplication          : Starting ProductServiceApplication using Java 23.0.1 with PID 11052 (C:\Users\IPK Computer X\Documents\GitHub\product-service\target\classes started by IPK Computer X in C:\Users\IPK Computer X\Documents\GitHub\product-service)
2025-05-04T09:23:05.219+05:30  INFO 11052 --- [product-service] [main] c.s.p.ProductServiceApplication          : No active profile set, falling back to 1 default profile: "default"
2025-05-04T09:23:05.812+05:30  INFO 11052 --- [product-service] [main] .s.d.r.c.RepositoryConfigurationDelegate : Bootstrapping Spring Data JPA repositories in DEFAULT mode.
2025-05-04T09:23:05.855+05:30  INFO 11052 --- [product-service] [main] .s.d.r.c.RepositoryConfigurationDelegate : Finished Spring Data repository scanning in 37 ms. Found 1 JPA repository interface.
2025-05-04T09:23:06.293+05:30  INFO 11052 --- [product-service] [main] o.s.b.w.embedded.tomcat.TomcatWebServer  : Tomcat initialized with port 8080 (http)
2025-05-04T09:23:06.307+05:30  INFO 11052 --- [product-service] [main] o.apache.catalina.core.StandardService   : Starting service [Tomcat]
2025-05-04T09:23:06.307+05:30  INFO 11052 --- [product-service] [main] o.apache.catalina.core.StandardEngine    : Starting Servlet engine: [Apache Tomcat/10.1.40]
2025-05-04T09:23:06.348+05:30  INFO 11052 --- [product-service] [main] o.a.c.c.C.[Tomcat].[localhost].[/]       : Initializing Spring embedded WebApplicationContext
2025-05-04T09:23:06.348+05:30  INFO 11052 --- [product-service] [main] w.s.c.ServletWebServerApplicationContext : Root WebApplicationContext: initialization completed in 1078 ms
2025-05-04T09:23:06.484+05:30  INFO 11052 --- [product-service] [main] o.hibernate.jpa.internal.util.LogHelper  : HHH000204: Processing PersistenceUnitInfo [name: default]
2025-05-04T09:23:06.530+05:30  INFO 11052 --- [product-service] [main] org.hibernate.Version                    : HHH000412: Hibernate ORM core version 6.6.13.Final
2025-05-04T09:23:06.562+05:30  INFO 11052 --- [product-service] [main] o.h.c.internal.RegionFactoryInitiator    : HHH000026: Second-level cache disabled
2025-05-04T09:23:06.799+05:30  INFO 11052 --- [product-service] [main] o.s.o.j.p.SpringPersistenceUnitInfo      : No LoadTimeWeaver setup: ignoring JPA class transformer
2025-05-04T09:23:06.821+05:30  INFO 11052 --- [product-service] [main] com.zaxxer.hikari.HikariDataSource       : HikariPool-1 - Starting...
2025-05-04T09:23:06.953+05:30  INFO 11052 --- [product-service] [main] com.zaxxer.hikari.pool.HikariPool        : HikariPool-1 - Added connection org.postgresql.jdbc.PgConnection@3b30eec5
2025-05-04T09:23:06.954+05:30  INFO 11052 --- [product-service] [main] com.zaxxer.hikari.HikariDataSource       : HikariPool-1 - Start completed.
2025-05-04T09:23:06.981+05:30  WARN 11052 --- [product-service] [main] org.hibernate.orm.deprecation            : HHH90000025: PostgreSQLDialect does not need to be specified explicitly using 'hibernate.dialect' (remove the property setting and it will be selected by default)
2025-05-04T09:23:06.996+05:30  INFO 11052 --- [product-service] [main] org.hibernate.orm.connections.pooling    : HHH10001005: Database info:
	Database JDBC URL [Connecting through datasource 'HikariDataSource (HikariPool-1)']
	Database driver: undefined/unknown
	Database version: 16.3
	Autocommit mode: undefined/unknown
	Isolation level: undefined/unknown
	Minimum pool size: undefined/unknown
	Maximum pool size: undefined/unknown
2025-05-04T09:23:07.676+05:30  INFO 11052 --- [product-service] [main] o.h.e.t.j.p.i.JtaPlatformInitiator       : HHH000489: No JTA platform available (set 'hibernate.transaction.jta.platform' to enable JTA platform integration)
2025-05-04T09:23:07.736+05:30  INFO 11052 --- [product-service] [main] j.LocalContainerEntityManagerFactoryBean : Initialized JPA EntityManagerFactory for persistence unit 'default'
2025-05-04T09:23:08.024+05:30  WARN 11052 --- [product-service] [main] JpaBaseConfiguration$JpaWebConfiguration : spring.jpa.open-in-view is enabled by default. Therefore, database queries may be performed during view rendering. Explicitly configure spring.jpa.open-in-view to disable this warning
2025-05-04T09:23:08.237+05:30  WARN 11052 --- [product-service] [main] ion$DefaultTemplateResolverConfiguration : Cannot find template location: classpath:/templates/ (please add some templates, check your Thymeleaf configuration, or set spring.thymeleaf.check-template-location=false)
2025-05-04T09:23:08.355+05:30  WARN 11052 --- [product-service] [main] .s.s.UserDetailsServiceAutoConfiguration : 

Using generated security password: c64e29f8-11b7-4eba-a8c4-96a63ec89d72

This generated password is for development use only. Your security configuration must be updated before running your application in production.

2025-05-04T09:23:08.368+05:30  INFO 11052 --- [product-service] [main] r$InitializeUserDetailsManagerConfigurer : Global AuthenticationManager configured with UserDetailsService bean with name inMemoryUserDetailsManager
2025-05-04T09:23:08.559+05:30  INFO 11052 --- [product-service] [main] o.s.b.w.embedded.tomcat.TomcatWebServer  : Tomcat started on port 8080 (http) with context path '/'
2025-05-04T09:23:08.567+05:30  INFO 11052 --- [product-service] [main] c.s.p.ProductServiceApplication          : Started ProductServiceApplication in 3.758 seconds (process running for 4.33)
2025-05-04T09:24:42.312+05:30  INFO 11052 --- [product-service] [SpringApplicationShutdownHook] o.s.b.w.e.tomcat.GracefulShutdown        : Commencing graceful shutdown. Waiting for active requests to complete
2025-05-04T09:24:42.339+05:30  INFO 11052 --- [product-service] [tomcat-shutdown] o.s.b.w.e.tomcat.GracefulShutdown        : Graceful shutdown complete
2025-05-04T09:24:42.354+05:30  INFO 11052 --- [product-service] [SpringApplicationShutdownHook] j.LocalContainerEntityManagerFactoryBean : Closing JPA EntityManagerFactory for persistence unit 'default'
2025-05-04T09:24:42.363+05:30  INFO 11052 --- [product-service] [SpringApplicationShutdownHook] com.zaxxer.hikari.HikariDataSource       : HikariPool-1 - Shutdown initiated...
2025-05-04T09:24:42.375+05:30  INFO 11052 --- [product-service] [SpringApplicationShutdownHook] com.zaxxer.hikari.HikariDataSource       : HikariPool-1 - Shutdown completed.
2025-05-04T09:24:47.465+05:30  INFO 11832 --- [product-service] [main] c.s.p.ProductServiceApplication          : Starting ProductServiceApplication using Java 23.0.1 with PID 11832 (C:\Users\IPK Computer X\Documents\GitHub\product-service\target\classes started by IPK Computer X in C:\Users\IPK Computer X\Documents\GitHub\product-service)
2025-05-04T09:24:47.467+05:30  INFO 11832 --- [product-service] [main] c.s.p.ProductServiceApplication          : No active profile set, falling back to 1 default profile: "default"
2025-05-04T09:24:48.048+05:30  INFO 11832 --- [product-service] [main] .s.d.r.c.RepositoryConfigurationDelegate : Bootstrapping Spring Data JPA repositories in DEFAULT mode.
2025-05-04T09:24:48.111+05:30  INFO 11832 --- [product-service] [main] .s.d.r.c.RepositoryConfigurationDelegate : Finished Spring Data repository scanning in 55 ms. Found 1 JPA repository interface.
2025-05-04T09:24:48.571+05:30  INFO 11832 --- [product-service] [main] o.s.b.w.embedded.tomcat.TomcatWebServer  : Tomcat initialized with port 8080 (http)
2025-05-04T09:24:48.585+05:30  INFO 11832 --- [product-service] [main] o.apache.catalina.core.StandardService   : Starting service [Tomcat]
2025-05-04T09:24:48.586+05:30  INFO 11832 --- [product-service] [main] o.apache.catalina.core.StandardEngine    : Starting Servlet engine: [Apache Tomcat/10.1.40]
2025-05-04T09:24:48.632+05:30  INFO 11832 --- [product-service] [main] o.a.c.c.C.[Tomcat].[localhost].[/]       : Initializing Spring embedded WebApplicationContext
2025-05-04T09:24:48.632+05:30  INFO 11832 --- [product-service] [main] w.s.c.ServletWebServerApplicationContext : Root WebApplicationContext: initialization completed in 1117 ms
2025-05-04T09:24:48.765+05:30  INFO 11832 --- [product-service] [main] o.hibernate.jpa.internal.util.LogHelper  : HHH000204: Processing PersistenceUnitInfo [name: default]
2025-05-04T09:24:48.826+05:30  INFO 11832 --- [product-service] [main] org.hibernate.Version                    : HHH000412: Hibernate ORM core version 6.6.13.Final
2025-05-04T09:24:48.865+05:30  INFO 11832 --- [product-service] [main] o.h.c.internal.RegionFactoryInitiator    : HHH000026: Second-level cache disabled
2025-05-04T09:24:49.120+05:30  INFO 11832 --- [product-service] [main] o.s.o.j.p.SpringPersistenceUnitInfo      : No LoadTimeWeaver setup: ignoring JPA class transformer
2025-05-04T09:24:49.147+05:30  INFO 11832 --- [product-service] [main] com.zaxxer.hikari.HikariDataSource       : HikariPool-1 - Starting...
2025-05-04T09:24:49.303+05:30  INFO 11832 --- [product-service] [main] com.zaxxer.hikari.pool.HikariPool        : HikariPool-1 - Added connection org.postgresql.jdbc.PgConnection@76b305e1
2025-05-04T09:24:49.304+05:30  INFO 11832 --- [product-service] [main] com.zaxxer.hikari.HikariDataSource       : HikariPool-1 - Start completed.
2025-05-04T09:24:49.359+05:30  WARN 11832 --- [product-service] [main] org.hibernate.orm.deprecation            : HHH90000025: PostgreSQLDialect does not need to be specified explicitly using 'hibernate.dialect' (remove the property setting and it will be selected by default)
2025-05-04T09:24:49.381+05:30  INFO 11832 --- [product-service] [main] org.hibernate.orm.connections.pooling    : HHH10001005: Database info:
	Database JDBC URL [Connecting through datasource 'HikariDataSource (HikariPool-1)']
	Database driver: undefined/unknown
	Database version: 16.3
	Autocommit mode: undefined/unknown
	Isolation level: undefined/unknown
	Minimum pool size: undefined/unknown
	Maximum pool size: undefined/unknown
2025-05-04T09:24:50.098+05:30  INFO 11832 --- [product-service] [main] o.h.e.t.j.p.i.JtaPlatformInitiator       : HHH000489: No JTA platform available (set 'hibernate.transaction.jta.platform' to enable JTA platform integration)
2025-05-04T09:24:50.155+05:30  INFO 11832 --- [product-service] [main] j.LocalContainerEntityManagerFactoryBean : Initialized JPA EntityManagerFactory for persistence unit 'default'
2025-05-04T09:24:50.418+05:30  WARN 11832 --- [product-service] [main] JpaBaseConfiguration$JpaWebConfiguration : spring.jpa.open-in-view is enabled by default. Therefore, database queries may be performed during view rendering. Explicitly configure spring.jpa.open-in-view to disable this warning
2025-05-04T09:24:50.619+05:30  WARN 11832 --- [product-service] [main] ion$DefaultTemplateResolverConfiguration : Cannot find template location: classpath:/templates/ (please add some templates, check your Thymeleaf configuration, or set spring.thymeleaf.check-template-location=false)
2025-05-04T09:24:50.749+05:30  INFO 11832 --- [product-service] [main] o.s.b.w.embedded.tomcat.TomcatWebServer  : Tomcat started on port 8080 (http) with context path '/'
2025-05-04T09:24:50.756+05:30  INFO 11832 --- [product-service] [main] c.s.p.ProductServiceApplication          : Started ProductServiceApplication in 3.717 seconds (process running for 4.415)
2025-05-04T09:25:24.415+05:30  INFO 11832 --- [product-service] [http-nio-8080-exec-4] o.a.c.c.C.[Tomcat].[localhost].[/]       : Initializing Spring DispatcherServlet 'dispatcherServlet'
2025-05-04T09:25:24.415+05:30  INFO 11832 --- [product-service] [http-nio-8080-exec-4] o.s.web.servlet.DispatcherServlet        : Initializing Servlet 'dispatcherServlet'
2025-05-04T09:25:24.416+05:30  INFO 11832 --- [product-service] [http-nio-8080-exec-4] o.s.web.servlet.DispatcherServlet        : Completed initialization in 1 ms
2025-05-04T09:25:24.514+05:30  INFO 11832 --- [product-service] [http-nio-8080-exec-4] c.s.p.service.Impl.ProductServiceImpl    : Adding a new product
2025-05-04T09:28:29.806+05:30  INFO 11832 --- [product-service] [http-nio-8080-exec-6] c.s.p.service.Impl.ProductServiceImpl    : Adding a new product
2025-05-04T09:28:31.074+05:30  INFO 11832 --- [product-service] [http-nio-8080-exec-5] c.s.p.service.Impl.ProductServiceImpl    : Adding a new product
2025-05-04T09:28:50.073+05:30  INFO 11832 --- [product-service] [http-nio-8080-exec-7] c.s.p.service.Impl.ProductServiceImpl    : Adding a new product
2025-05-04T09:30:09.553+05:30  INFO 11832 --- [product-service] [http-nio-8080-exec-10] c.s.p.service.Impl.ProductServiceImpl    : Adding a new product
2025-05-04T09:30:11.309+05:30  INFO 11832 --- [product-service] [http-nio-8080-exec-1] c.s.p.service.Impl.ProductServiceImpl    : Adding a new product
2025-05-04T09:30:11.994+05:30  INFO 11832 --- [product-service] [http-nio-8080-exec-4] c.s.p.service.Impl.ProductServiceImpl    : Adding a new product
2025-05-04T09:30:23.237+05:30  INFO 11832 --- [product-service] [http-nio-8080-exec-3] c.s.p.service.Impl.ProductServiceImpl    : Adding a new product
2025-05-04T09:31:18.363+05:30  INFO 11832 --- [product-service] [http-nio-8080-exec-2] c.s.p.service.Impl.ProductServiceImpl    : Adding a new product
2025-05-04T09:31:19.092+05:30  INFO 11832 --- [product-service] [http-nio-8080-exec-6] c.s.p.service.Impl.ProductServiceImpl    : Adding a new product
2025-05-04T09:31:54.736+05:30  INFO 11832 --- [product-service] [http-nio-8080-exec-5] c.s.p.service.Impl.ProductServiceImpl    : Adding a new product
2025-05-04T09:33:36.247+05:30  INFO 11832 --- [product-service] [http-nio-8080-exec-9] c.s.p.service.Impl.ProductServiceImpl    : Adding a new product
2025-05-04T09:34:29.425+05:30  INFO 2552 --- [product-service] [main] c.s.p.ProductServiceApplication          : Starting ProductServiceApplication using Java 23.0.1 with PID 2552 (C:\Users\IPK Computer X\Documents\GitHub\product-service\target\classes started by IPK Computer X in C:\Users\IPK Computer X\Documents\GitHub\product-service)
2025-05-04T09:34:29.427+05:30  INFO 2552 --- [product-service] [main] c.s.p.ProductServiceApplication          : No active profile set, falling back to 1 default profile: "default"
2025-05-04T09:34:30.180+05:30  INFO 2552 --- [product-service] [main] .s.d.r.c.RepositoryConfigurationDelegate : Bootstrapping Spring Data JPA repositories in DEFAULT mode.
2025-05-04T09:34:30.235+05:30  INFO 2552 --- [product-service] [main] .s.d.r.c.RepositoryConfigurationDelegate : Finished Spring Data repository scanning in 47 ms. Found 1 JPA repository interface.
2025-05-04T09:34:30.887+05:30  INFO 2552 --- [product-service] [main] o.s.b.w.embedded.tomcat.TomcatWebServer  : Tomcat initialized with port 8080 (http)
2025-05-04T09:34:30.901+05:30  INFO 2552 --- [product-service] [main] o.apache.catalina.core.StandardService   : Starting service [Tomcat]
2025-05-04T09:34:30.901+05:30  INFO 2552 --- [product-service] [main] o.apache.catalina.core.StandardEngine    : Starting Servlet engine: [Apache Tomcat/10.1.40]
2025-05-04T09:34:30.951+05:30  INFO 2552 --- [product-service] [main] o.a.c.c.C.[Tomcat].[localhost].[/]       : Initializing Spring embedded WebApplicationContext
2025-05-04T09:34:30.951+05:30  INFO 2552 --- [product-service] [main] w.s.c.ServletWebServerApplicationContext : Root WebApplicationContext: initialization completed in 1475 ms
2025-05-04T09:34:31.130+05:30  INFO 2552 --- [product-service] [main] o.hibernate.jpa.internal.util.LogHelper  : HHH000204: Processing PersistenceUnitInfo [name: default]
2025-05-04T09:34:31.235+05:30  INFO 2552 --- [product-service] [main] org.hibernate.Version                    : HHH000412: Hibernate ORM core version 6.6.13.Final
2025-05-04T09:34:31.274+05:30  INFO 2552 --- [product-service] [main] o.h.c.internal.RegionFactoryInitiator    : HHH000026: Second-level cache disabled
2025-05-04T09:34:31.586+05:30  INFO 2552 --- [product-service] [main] o.s.o.j.p.SpringPersistenceUnitInfo      : No LoadTimeWeaver setup: ignoring JPA class transformer
2025-05-04T09:34:31.634+05:30  INFO 2552 --- [product-service] [main] com.zaxxer.hikari.HikariDataSource       : HikariPool-1 - Starting...
2025-05-04T09:34:31.863+05:30  INFO 2552 --- [product-service] [main] com.zaxxer.hikari.pool.HikariPool        : HikariPool-1 - Added connection org.postgresql.jdbc.PgConnection@37e55819
2025-05-04T09:34:31.864+05:30  INFO 2552 --- [product-service] [main] com.zaxxer.hikari.HikariDataSource       : HikariPool-1 - Start completed.
2025-05-04T09:34:31.906+05:30  WARN 2552 --- [product-service] [main] org.hibernate.orm.deprecation            : HHH90000025: PostgreSQLDialect does not need to be specified explicitly using 'hibernate.dialect' (remove the property setting and it will be selected by default)
2025-05-04T09:34:31.925+05:30  INFO 2552 --- [product-service] [main] org.hibernate.orm.connections.pooling    : HHH10001005: Database info:
	Database JDBC URL [Connecting through datasource 'HikariDataSource (HikariPool-1)']
	Database driver: undefined/unknown
	Database version: 16.3
	Autocommit mode: undefined/unknown
	Isolation level: undefined/unknown
	Minimum pool size: undefined/unknown
	Maximum pool size: undefined/unknown
2025-05-04T09:34:32.739+05:30  INFO 2552 --- [product-service] [main] o.h.e.t.j.p.i.JtaPlatformInitiator       : HHH000489: No JTA platform available (set 'hibernate.transaction.jta.platform' to enable JTA platform integration)
2025-05-04T09:34:32.958+05:30  INFO 2552 --- [product-service] [main] j.LocalContainerEntityManagerFactoryBean : Initialized JPA EntityManagerFactory for persistence unit 'default'
2025-05-04T09:34:33.297+05:30  WARN 2552 --- [product-service] [main] JpaBaseConfiguration$JpaWebConfiguration : spring.jpa.open-in-view is enabled by default. Therefore, database queries may be performed during view rendering. Explicitly configure spring.jpa.open-in-view to disable this warning
2025-05-04T09:34:33.557+05:30  WARN 2552 --- [product-service] [main] ion$DefaultTemplateResolverConfiguration : Cannot find template location: classpath:/templates/ (please add some templates, check your Thymeleaf configuration, or set spring.thymeleaf.check-template-location=false)
2025-05-04T09:34:33.718+05:30  WARN 2552 --- [product-service] [main] .s.s.UserDetailsServiceAutoConfiguration : 

Using generated security password: 9eb201d0-3b8c-4ca0-9f84-2fb5a65b06f3

This generated password is for development use only. Your security configuration must be updated before running your application in production.

2025-05-04T09:34:33.746+05:30  INFO 2552 --- [product-service] [main] r$InitializeUserDetailsManagerConfigurer : Global AuthenticationManager configured with UserDetailsService bean with name inMemoryUserDetailsManager
2025-05-04T09:34:34.030+05:30  INFO 2552 --- [product-service] [main] o.s.b.w.embedded.tomcat.TomcatWebServer  : Tomcat started on port 8080 (http) with context path '/'
2025-05-04T09:34:34.038+05:30  INFO 2552 --- [product-service] [main] c.s.p.ProductServiceApplication          : Started ProductServiceApplication in 5.13 seconds (process running for 5.973)
2025-05-04T09:35:38.411+05:30  INFO 2552 --- [product-service] [http-nio-8080-exec-1] o.a.c.c.C.[Tomcat].[localhost].[/]       : Initializing Spring DispatcherServlet 'dispatcherServlet'
2025-05-04T09:35:38.412+05:30  INFO 2552 --- [product-service] [http-nio-8080-exec-1] o.s.web.servlet.DispatcherServlet        : Initializing Servlet 'dispatcherServlet'
2025-05-04T09:35:38.413+05:30  INFO 2552 --- [product-service] [http-nio-8080-exec-1] o.s.web.servlet.DispatcherServlet        : Completed initialization in 1 ms
2025-05-04T09:38:12.372+05:30  INFO 2552 --- [product-service] [SpringApplicationShutdownHook] o.s.b.w.e.tomcat.GracefulShutdown        : Commencing graceful shutdown. Waiting for active requests to complete
2025-05-04T09:38:12.387+05:30  INFO 2552 --- [product-service] [tomcat-shutdown] o.s.b.w.e.tomcat.GracefulShutdown        : Graceful shutdown complete
2025-05-04T09:38:12.392+05:30  INFO 2552 --- [product-service] [SpringApplicationShutdownHook] j.LocalContainerEntityManagerFactoryBean : Closing JPA EntityManagerFactory for persistence unit 'default'
2025-05-04T09:38:12.395+05:30  INFO 2552 --- [product-service] [SpringApplicationShutdownHook] com.zaxxer.hikari.HikariDataSource       : HikariPool-1 - Shutdown initiated...
2025-05-04T09:38:12.400+05:30  INFO 2552 --- [product-service] [SpringApplicationShutdownHook] com.zaxxer.hikari.HikariDataSource       : HikariPool-1 - Shutdown completed.
2025-05-04T09:38:15.084+05:30  INFO 21112 --- [product-service] [main] c.s.p.ProductServiceApplication          : Starting ProductServiceApplication using Java 23.0.1 with PID 21112 (C:\Users\IPK Computer X\Documents\GitHub\product-service\target\classes started by IPK Computer X in C:\Users\IPK Computer X\Documents\GitHub\product-service)
2025-05-04T09:38:15.086+05:30  INFO 21112 --- [product-service] [main] c.s.p.ProductServiceApplication          : No active profile set, falling back to 1 default profile: "default"
2025-05-04T09:38:15.745+05:30  INFO 21112 --- [product-service] [main] .s.d.r.c.RepositoryConfigurationDelegate : Bootstrapping Spring Data JPA repositories in DEFAULT mode.
2025-05-04T09:38:15.795+05:30  INFO 21112 --- [product-service] [main] .s.d.r.c.RepositoryConfigurationDelegate : Finished Spring Data repository scanning in 43 ms. Found 1 JPA repository interface.
2025-05-04T09:38:16.262+05:30  INFO 21112 --- [product-service] [main] o.s.b.w.embedded.tomcat.TomcatWebServer  : Tomcat initialized with port 8080 (http)
2025-05-04T09:38:16.275+05:30  INFO 21112 --- [product-service] [main] o.apache.catalina.core.StandardService   : Starting service [Tomcat]
2025-05-04T09:38:16.276+05:30  INFO 21112 --- [product-service] [main] o.apache.catalina.core.StandardEngine    : Starting Servlet engine: [Apache Tomcat/10.1.40]
2025-05-04T09:38:16.323+05:30  INFO 21112 --- [product-service] [main] o.a.c.c.C.[Tomcat].[localhost].[/]       : Initializing Spring embedded WebApplicationContext
2025-05-04T09:38:16.324+05:30  INFO 21112 --- [product-service] [main] w.s.c.ServletWebServerApplicationContext : Root WebApplicationContext: initialization completed in 1192 ms
2025-05-04T09:38:16.459+05:30  INFO 21112 --- [product-service] [main] o.hibernate.jpa.internal.util.LogHelper  : HHH000204: Processing PersistenceUnitInfo [name: default]
2025-05-04T09:38:16.520+05:30  INFO 21112 --- [product-service] [main] org.hibernate.Version                    : HHH000412: Hibernate ORM core version 6.6.13.Final
2025-05-04T09:38:16.551+05:30  INFO 21112 --- [product-service] [main] o.h.c.internal.RegionFactoryInitiator    : HHH000026: Second-level cache disabled
2025-05-04T09:38:16.798+05:30  INFO 21112 --- [product-service] [main] o.s.o.j.p.SpringPersistenceUnitInfo      : No LoadTimeWeaver setup: ignoring JPA class transformer
2025-05-04T09:38:16.826+05:30  INFO 21112 --- [product-service] [main] com.zaxxer.hikari.HikariDataSource       : HikariPool-1 - Starting...
2025-05-04T09:38:18.059+05:30  WARN 21112 --- [product-service] [main] o.h.engine.jdbc.spi.SqlExceptionHelper   : SQL Error: 0, SQLState: 3D000
2025-05-04T09:38:18.060+05:30 ERROR 21112 --- [product-service] [main] o.h.engine.jdbc.spi.SqlExceptionHelper   : FATAL: database "product" does not exist
2025-05-04T09:38:18.061+05:30  WARN 21112 --- [product-service] [main] o.h.e.j.e.i.JdbcEnvironmentInitiator     : HHH000342: Could not obtain connection to query metadata

org.hibernate.exception.GenericJDBCException: unable to obtain isolated JDBC connection [FATAL: database "product" does not exist] [n/a]
	at org.hibernate.exception.internal.StandardSQLExceptionConverter.convert(StandardSQLExceptionConverter.java:63) ~[hibernate-core-6.6.13.Final.jar:6.6.13.Final]
	at org.hibernate.engine.jdbc.spi.SqlExceptionHelper.convert(SqlExceptionHelper.java:108) ~[hibernate-core-6.6.13.Final.jar:6.6.13.Final]
	at org.hibernate.engine.jdbc.spi.SqlExceptionHelper.convert(SqlExceptionHelper.java:94) ~[hibernate-core-6.6.13.Final.jar:6.6.13.Final]
	at org.hibernate.resource.transaction.backend.jdbc.internal.JdbcIsolationDelegate.delegateWork(JdbcIsolationDelegate.java:116) ~[hibernate-core-6.6.13.Final.jar:6.6.13.Final]
	at org.hibernate.engine.jdbc.env.internal.JdbcEnvironmentInitiator.getJdbcEnvironmentUsingJdbcMetadata(JdbcEnvironmentInitiator.java:320) ~[hibernate-core-6.6.13.Final.jar:6.6.13.Final]
	at org.hibernate.engine.jdbc.env.internal.JdbcEnvironmentInitiator.initiateService(JdbcEnvironmentInitiator.java:129) ~[hibernate-core-6.6.13.Final.jar:6.6.13.Final]
	at org.hibernate.engine.jdbc.env.internal.JdbcEnvironmentInitiator.initiateService(JdbcEnvironmentInitiator.java:81) ~[hibernate-core-6.6.13.Final.jar:6.6.13.Final]
	at org.hibernate.boot.registry.internal.StandardServiceRegistryImpl.initiateService(StandardServiceRegistryImpl.java:130) ~[hibernate-core-6.6.13.Final.jar:6.6.13.Final]
	at org.hibernate.service.internal.AbstractServiceRegistryImpl.createService(AbstractServiceRegistryImpl.java:263) ~[hibernate-core-6.6.13.Final.jar:6.6.13.Final]
	at org.hibernate.service.internal.AbstractServiceRegistryImpl.initializeService(AbstractServiceRegistryImpl.java:238) ~[hibernate-core-6.6.13.Final.jar:6.6.13.Final]
	at org.hibernate.service.internal.AbstractServiceRegistryImpl.getService(AbstractServiceRegistryImpl.java:215) ~[hibernate-core-6.6.13.Final.jar:6.6.13.Final]
	at org.hibernate.boot.model.relational.Database.<init>(Database.java:45) ~[hibernate-core-6.6.13.Final.jar:6.6.13.Final]
	at org.hibernate.boot.internal.InFlightMetadataCollectorImpl.getDatabase(InFlightMetadataCollectorImpl.java:226) ~[hibernate-core-6.6.13.Final.jar:6.6.13.Final]
	at org.hibernate.boot.internal.InFlightMetadataCollectorImpl.<init>(InFlightMetadataCollectorImpl.java:194) ~[hibernate-core-6.6.13.Final.jar:6.6.13.Final]
	at org.hibernate.boot.model.process.spi.MetadataBuildingProcess.complete(MetadataBuildingProcess.java:171) ~[hibernate-core-6.6.13.Final.jar:6.6.13.Final]
	at org.hibernate.jpa.boot.internal.EntityManagerFactoryBuilderImpl.metadata(EntityManagerFactoryBuilderImpl.java:1442) ~[hibernate-core-6.6.13.Final.jar:6.6.13.Final]
	at org.hibernate.jpa.boot.internal.EntityManagerFactoryBuilderImpl.build(EntityManagerFactoryBuilderImpl.java:1513) ~[hibernate-core-6.6.13.Final.jar:6.6.13.Final]
	at org.springframework.orm.jpa.vendor.SpringHibernateJpaPersistenceProvider.createContainerEntityManagerFactory(SpringHibernateJpaPersistenceProvider.java:66) ~[spring-orm-6.2.6.jar:6.2.6]
	at org.springframework.orm.jpa.LocalContainerEntityManagerFactoryBean.createNativeEntityManagerFactory(LocalContainerEntityManagerFactoryBean.java:390) ~[spring-orm-6.2.6.jar:6.2.6]
	at org.springframework.orm.jpa.AbstractEntityManagerFactoryBean.buildNativeEntityManagerFactory(AbstractEntityManagerFactoryBean.java:419) ~[spring-orm-6.2.6.jar:6.2.6]
	at org.springframework.orm.jpa.AbstractEntityManagerFactoryBean.afterPropertiesSet(AbstractEntityManagerFactoryBean.java:400) ~[spring-orm-6.2.6.jar:6.2.6]
	at org.springframework.orm.jpa.LocalContainerEntityManagerFactoryBean.afterPropertiesSet(LocalContainerEntityManagerFactoryBean.java:366) ~[spring-orm-6.2.6.jar:6.2.6]
	at org.springframework.beans.factory.support.AbstractAutowireCapableBeanFactory.invokeInitMethods(AbstractAutowireCapableBeanFactory.java:1865) ~[spring-beans-6.2.6.jar:6.2.6]
	at org.springframework.beans.factory.support.AbstractAutowireCapableBeanFactory.initializeBean(AbstractAutowireCapableBeanFactory.java:1814) ~[spring-beans-6.2.6.jar:6.2.6]
	at org.springframework.beans.factory.support.AbstractAutowireCapableBeanFactory.doCreateBean(AbstractAutowireCapableBeanFactory.java:607) ~[spring-beans-6.2.6.jar:6.2.6]
	at org.springframework.beans.factory.support.AbstractAutowireCapableBeanFactory.createBean(AbstractAutowireCapableBeanFactory.java:529) ~[spring-beans-6.2.6.jar:6.2.6]
	at org.springframework.beans.factory.support.AbstractBeanFactory.lambda$doGetBean$0(AbstractBeanFactory.java:339) ~[spring-beans-6.2.6.jar:6.2.6]
	at org.springframework.beans.factory.support.DefaultSingletonBeanRegistry.getSingleton(DefaultSingletonBeanRegistry.java:371) ~[spring-beans-6.2.6.jar:6.2.6]
	at org.springframework.beans.factory.support.AbstractBeanFactory.doGetBean(AbstractBeanFactory.java:337) ~[spring-beans-6.2.6.jar:6.2.6]
	at org.springframework.beans.factory.support.AbstractBeanFactory.getBean(AbstractBeanFactory.java:207) ~[spring-beans-6.2.6.jar:6.2.6]
	at org.springframework.context.support.AbstractApplicationContext.finishBeanFactoryInitialization(AbstractApplicationContext.java:970) ~[spring-context-6.2.6.jar:6.2.6]
	at org.springframework.context.support.AbstractApplicationContext.refresh(AbstractApplicationContext.java:627) ~[spring-context-6.2.6.jar:6.2.6]
	at org.springframework.boot.web.servlet.context.ServletWebServerApplicationContext.refresh(ServletWebServerApplicationContext.java:146) ~[spring-boot-3.4.5.jar:3.4.5]
	at org.springframework.boot.SpringApplication.refresh(SpringApplication.java:753) ~[spring-boot-3.4.5.jar:3.4.5]
	at org.springframework.boot.SpringApplication.refreshContext(SpringApplication.java:439) ~[spring-boot-3.4.5.jar:3.4.5]
	at org.springframework.boot.SpringApplication.run(SpringApplication.java:318) ~[spring-boot-3.4.5.jar:3.4.5]
	at org.springframework.boot.SpringApplication.run(SpringApplication.java:1362) ~[spring-boot-3.4.5.jar:3.4.5]
	at org.springframework.boot.SpringApplication.run(SpringApplication.java:1351) ~[spring-boot-3.4.5.jar:3.4.5]
	at com.summit.product_service.ProductServiceApplication.main(ProductServiceApplication.java:10) ~[classes/:na]
Caused by: org.postgresql.util.PSQLException: FATAL: database "product" does not exist
	at org.postgresql.core.v3.QueryExecutorImpl.receiveErrorResponse(QueryExecutorImpl.java:2733) ~[postgresql-42.7.5.jar:42.7.5]
	at org.postgresql.core.v3.QueryExecutorImpl.readStartupMessages(QueryExecutorImpl.java:2845) ~[postgresql-42.7.5.jar:42.7.5]
	at org.postgresql.core.v3.QueryExecutorImpl.<init>(QueryExecutorImpl.java:176) ~[postgresql-42.7.5.jar:42.7.5]
	at org.postgresql.core.v3.ConnectionFactoryImpl.openConnectionImpl(ConnectionFactoryImpl.java:323) ~[postgresql-42.7.5.jar:42.7.5]
	at org.postgresql.core.ConnectionFactory.openConnection(ConnectionFactory.java:54) ~[postgresql-42.7.5.jar:42.7.5]
	at org.postgresql.jdbc.PgConnection.<init>(PgConnection.java:273) ~[postgresql-42.7.5.jar:42.7.5]
	at org.postgresql.Driver.makeConnection(Driver.java:446) ~[postgresql-42.7.5.jar:42.7.5]
	at org.postgresql.Driver.connect(Driver.java:298) ~[postgresql-42.7.5.jar:42.7.5]
	at com.zaxxer.hikari.util.DriverDataSource.getConnection(DriverDataSource.java:137) ~[HikariCP-5.1.0.jar:na]
	at com.zaxxer.hikari.pool.PoolBase.newConnection(PoolBase.java:360) ~[HikariCP-5.1.0.jar:na]
	at com.zaxxer.hikari.pool.PoolBase.newPoolEntry(PoolBase.java:202) ~[HikariCP-5.1.0.jar:na]
	at com.zaxxer.hikari.pool.HikariPool.createPoolEntry(HikariPool.java:461) ~[HikariCP-5.1.0.jar:na]
	at com.zaxxer.hikari.pool.HikariPool.checkFailFast(HikariPool.java:550) ~[HikariCP-5.1.0.jar:na]
	at com.zaxxer.hikari.pool.HikariPool.<init>(HikariPool.java:98) ~[HikariCP-5.1.0.jar:na]
	at com.zaxxer.hikari.HikariDataSource.getConnection(HikariDataSource.java:111) ~[HikariCP-5.1.0.jar:na]
	at org.hibernate.engine.jdbc.connections.internal.DatasourceConnectionProviderImpl.getConnection(DatasourceConnectionProviderImpl.java:126) ~[hibernate-core-6.6.13.Final.jar:6.6.13.Final]
	at org.hibernate.engine.jdbc.env.internal.JdbcEnvironmentInitiator$ConnectionProviderJdbcConnectionAccess.obtainConnection(JdbcEnvironmentInitiator.java:467) ~[hibernate-core-6.6.13.Final.jar:6.6.13.Final]
	at org.hibernate.resource.transaction.backend.jdbc.internal.JdbcIsolationDelegate.delegateWork(JdbcIsolationDelegate.java:61) ~[hibernate-core-6.6.13.Final.jar:6.6.13.Final]
	... 35 common frames omitted

2025-05-04T09:38:18.087+05:30  WARN 21112 --- [product-service] [main] org.hibernate.orm.deprecation            : HHH90000025: PostgreSQLDialect does not need to be specified explicitly using 'hibernate.dialect' (remove the property setting and it will be selected by default)
2025-05-04T09:38:18.095+05:30  INFO 21112 --- [product-service] [main] org.hibernate.orm.connections.pooling    : HHH10001005: Database info:
	Database JDBC URL [Connecting through datasource 'HikariDataSource (null)']
	Database driver: undefined/unknown
	Database version: 12.0
	Autocommit mode: undefined/unknown
	Isolation level: undefined/unknown
	Minimum pool size: undefined/unknown
	Maximum pool size: undefined/unknown
2025-05-04T09:38:18.783+05:30  INFO 21112 --- [product-service] [main] o.h.e.t.j.p.i.JtaPlatformInitiator       : HHH000489: No JTA platform available (set 'hibernate.transaction.jta.platform' to enable JTA platform integration)
2025-05-04T09:38:18.800+05:30  INFO 21112 --- [product-service] [main] com.zaxxer.hikari.HikariDataSource       : HikariPool-1 - Starting...
2025-05-04T09:38:19.964+05:30  WARN 21112 --- [product-service] [main] o.h.engine.jdbc.spi.SqlExceptionHelper   : SQL Error: 0, SQLState: 3D000
2025-05-04T09:38:19.965+05:30 ERROR 21112 --- [product-service] [main] o.h.engine.jdbc.spi.SqlExceptionHelper   : FATAL: database "product" does not exist
2025-05-04T09:38:19.972+05:30 ERROR 21112 --- [product-service] [main] j.LocalContainerEntityManagerFactoryBean : Failed to initialize JPA EntityManagerFactory: [PersistenceUnit: default] Unable to build Hibernate SessionFactory; nested exception is org.hibernate.exception.GenericJDBCException: Unable to open JDBC Connection for DDL execution [FATAL: database "product" does not exist] [n/a]
2025-05-04T09:38:19.973+05:30  WARN 21112 --- [product-service] [main] ConfigServletWebServerApplicationContext : Exception encountered during context initialization - cancelling refresh attempt: org.springframework.beans.factory.BeanCreationException: Error creating bean with name 'entityManagerFactory' defined in class path resource [org/springframework/boot/autoconfigure/orm/jpa/HibernateJpaConfiguration.class]: [PersistenceUnit: default] Unable to build Hibernate SessionFactory; nested exception is org.hibernate.exception.GenericJDBCException: Unable to open JDBC Connection for DDL execution [FATAL: database "product" does not exist] [n/a]
2025-05-04T09:38:19.975+05:30  INFO 21112 --- [product-service] [main] o.apache.catalina.core.StandardService   : Stopping service [Tomcat]
2025-05-04T09:38:19.984+05:30  INFO 21112 --- [product-service] [main] .s.b.a.l.ConditionEvaluationReportLogger : 

Error starting ApplicationContext. To display the condition evaluation report re-run your application with 'debug' enabled.
2025-05-04T09:38:19.999+05:30 ERROR 21112 --- [product-service] [main] o.s.boot.SpringApplication               : Application run failed

org.springframework.beans.factory.BeanCreationException: Error creating bean with name 'entityManagerFactory' defined in class path resource [org/springframework/boot/autoconfigure/orm/jpa/HibernateJpaConfiguration.class]: [PersistenceUnit: default] Unable to build Hibernate SessionFactory; nested exception is org.hibernate.exception.GenericJDBCException: Unable to open JDBC Connection for DDL execution [FATAL: database "product" does not exist] [n/a]
	at org.springframework.beans.factory.support.AbstractAutowireCapableBeanFactory.initializeBean(AbstractAutowireCapableBeanFactory.java:1818) ~[spring-beans-6.2.6.jar:6.2.6]
	at org.springframework.beans.factory.support.AbstractAutowireCapableBeanFactory.doCreateBean(AbstractAutowireCapableBeanFactory.java:607) ~[spring-beans-6.2.6.jar:6.2.6]
	at org.springframework.beans.factory.support.AbstractAutowireCapableBeanFactory.createBean(AbstractAutowireCapableBeanFactory.java:529) ~[spring-beans-6.2.6.jar:6.2.6]
	at org.springframework.beans.factory.support.AbstractBeanFactory.lambda$doGetBean$0(AbstractBeanFactory.java:339) ~[spring-beans-6.2.6.jar:6.2.6]
	at org.springframework.beans.factory.support.DefaultSingletonBeanRegistry.getSingleton(DefaultSingletonBeanRegistry.java:371) ~[spring-beans-6.2.6.jar:6.2.6]
	at org.springframework.beans.factory.support.AbstractBeanFactory.doGetBean(AbstractBeanFactory.java:337) ~[spring-beans-6.2.6.jar:6.2.6]
	at org.springframework.beans.factory.support.AbstractBeanFactory.getBean(AbstractBeanFactory.java:207) ~[spring-beans-6.2.6.jar:6.2.6]
	at org.springframework.context.support.AbstractApplicationContext.finishBeanFactoryInitialization(AbstractApplicationContext.java:970) ~[spring-context-6.2.6.jar:6.2.6]
	at org.springframework.context.support.AbstractApplicationContext.refresh(AbstractApplicationContext.java:627) ~[spring-context-6.2.6.jar:6.2.6]
	at org.springframework.boot.web.servlet.context.ServletWebServerApplicationContext.refresh(ServletWebServerApplicationContext.java:146) ~[spring-boot-3.4.5.jar:3.4.5]
	at org.springframework.boot.SpringApplication.refresh(SpringApplication.java:753) ~[spring-boot-3.4.5.jar:3.4.5]
	at org.springframework.boot.SpringApplication.refreshContext(SpringApplication.java:439) ~[spring-boot-3.4.5.jar:3.4.5]
	at org.springframework.boot.SpringApplication.run(SpringApplication.java:318) ~[spring-boot-3.4.5.jar:3.4.5]
	at org.springframework.boot.SpringApplication.run(SpringApplication.java:1362) ~[spring-boot-3.4.5.jar:3.4.5]
	at org.springframework.boot.SpringApplication.run(SpringApplication.java:1351) ~[spring-boot-3.4.5.jar:3.4.5]
	at com.summit.product_service.ProductServiceApplication.main(ProductServiceApplication.java:10) ~[classes/:na]
Caused by: jakarta.persistence.PersistenceException: [PersistenceUnit: default] Unable to build Hibernate SessionFactory; nested exception is org.hibernate.exception.GenericJDBCException: Unable to open JDBC Connection for DDL execution [FATAL: database "product" does not exist] [n/a]
	at org.springframework.orm.jpa.AbstractEntityManagerFactoryBean.buildNativeEntityManagerFactory(AbstractEntityManagerFactoryBean.java:431) ~[spring-orm-6.2.6.jar:6.2.6]
	at org.springframework.orm.jpa.AbstractEntityManagerFactoryBean.afterPropertiesSet(AbstractEntityManagerFactoryBean.java:400) ~[spring-orm-6.2.6.jar:6.2.6]
	at org.springframework.orm.jpa.LocalContainerEntityManagerFactoryBean.afterPropertiesSet(LocalContainerEntityManagerFactoryBean.java:366) ~[spring-orm-6.2.6.jar:6.2.6]
	at org.springframework.beans.factory.support.AbstractAutowireCapableBeanFactory.invokeInitMethods(AbstractAutowireCapableBeanFactory.java:1865) ~[spring-beans-6.2.6.jar:6.2.6]
	at org.springframework.beans.factory.support.AbstractAutowireCapableBeanFactory.initializeBean(AbstractAutowireCapableBeanFactory.java:1814) ~[spring-beans-6.2.6.jar:6.2.6]
	... 15 common frames omitted
Caused by: org.hibernate.exception.GenericJDBCException: Unable to open JDBC Connection for DDL execution [FATAL: database "product" does not exist] [n/a]
	at org.hibernate.exception.internal.StandardSQLExceptionConverter.convert(StandardSQLExceptionConverter.java:63) ~[hibernate-core-6.6.13.Final.jar:6.6.13.Final]
	at org.hibernate.engine.jdbc.spi.SqlExceptionHelper.convert(SqlExceptionHelper.java:108) ~[hibernate-core-6.6.13.Final.jar:6.6.13.Final]
	at org.hibernate.engine.jdbc.spi.SqlExceptionHelper.convert(SqlExceptionHelper.java:94) ~[hibernate-core-6.6.13.Final.jar:6.6.13.Final]
	at org.hibernate.resource.transaction.backend.jdbc.internal.DdlTransactionIsolatorNonJtaImpl.getIsolatedConnection(DdlTransactionIsolatorNonJtaImpl.java:74) ~[hibernate-core-6.6.13.Final.jar:6.6.13.Final]
	at org.hibernate.resource.transaction.backend.jdbc.internal.DdlTransactionIsolatorNonJtaImpl.getIsolatedConnection(DdlTransactionIsolatorNonJtaImpl.java:39) ~[hibernate-core-6.6.13.Final.jar:6.6.13.Final]
	at org.hibernate.tool.schema.internal.exec.ImprovedExtractionContextImpl.getJdbcConnection(ImprovedExtractionContextImpl.java:63) ~[hibernate-core-6.6.13.Final.jar:6.6.13.Final]
	at org.hibernate.tool.schema.extract.spi.ExtractionContext.getQueryResults(ExtractionContext.java:43) ~[hibernate-core-6.6.13.Final.jar:6.6.13.Final]
	at org.hibernate.tool.schema.extract.internal.SequenceInformationExtractorLegacyImpl.extractMetadata(SequenceInformationExtractorLegacyImpl.java:39) ~[hibernate-core-6.6.13.Final.jar:6.6.13.Final]
	at org.hibernate.tool.schema.extract.internal.DatabaseInformationImpl.initializeSequences(DatabaseInformationImpl.java:66) ~[hibernate-core-6.6.13.Final.jar:6.6.13.Final]
	at org.hibernate.tool.schema.extract.internal.DatabaseInformationImpl.<init>(DatabaseInformationImpl.java:60) ~[hibernate-core-6.6.13.Final.jar:6.6.13.Final]
	at org.hibernate.tool.schema.internal.Helper.buildDatabaseInformation(Helper.java:185) ~[hibernate-core-6.6.13.Final.jar:6.6.13.Final]
	at org.hibernate.tool.schema.internal.AbstractSchemaMigrator.doMigration(AbstractSchemaMigrator.java:93) ~[hibernate-core-6.6.13.Final.jar:6.6.13.Final]
	at org.hibernate.tool.schema.spi.SchemaManagementToolCoordinator.performDatabaseAction(SchemaManagementToolCoordinator.java:280) ~[hibernate-core-6.6.13.Final.jar:6.6.13.Final]
	at org.hibernate.tool.schema.spi.SchemaManagementToolCoordinator.lambda$process$5(SchemaManagementToolCoordinator.java:144) ~[hibernate-core-6.6.13.Final.jar:6.6.13.Final]
	at java.base/java.util.HashMap.forEach(HashMap.java:1430) ~[na:na]
	at org.hibernate.tool.schema.spi.SchemaManagementToolCoordinator.process(SchemaManagementToolCoordinator.java:141) ~[hibernate-core-6.6.13.Final.jar:6.6.13.Final]
	at org.hibernate.boot.internal.SessionFactoryObserverForSchemaExport.sessionFactoryCreated(SessionFactoryObserverForSchemaExport.java:37) ~[hibernate-core-6.6.13.Final.jar:6.6.13.Final]
	at org.hibernate.internal.SessionFactoryObserverChain.sessionFactoryCreated(SessionFactoryObserverChain.java:35) ~[hibernate-core-6.6.13.Final.jar:6.6.13.Final]
	at org.hibernate.internal.SessionFactoryImpl.<init>(SessionFactoryImpl.java:324) ~[hibernate-core-6.6.13.Final.jar:6.6.13.Final]
	at org.hibernate.boot.internal.SessionFactoryBuilderImpl.build(SessionFactoryBuilderImpl.java:463) ~[hibernate-core-6.6.13.Final.jar:6.6.13.Final]
	at org.hibernate.jpa.boot.internal.EntityManagerFactoryBuilderImpl.build(EntityManagerFactoryBuilderImpl.java:1517) ~[hibernate-core-6.6.13.Final.jar:6.6.13.Final]
	at org.springframework.orm.jpa.vendor.SpringHibernateJpaPersistenceProvider.createContainerEntityManagerFactory(SpringHibernateJpaPersistenceProvider.java:66) ~[spring-orm-6.2.6.jar:6.2.6]
	at org.springframework.orm.jpa.LocalContainerEntityManagerFactoryBean.createNativeEntityManagerFactory(LocalContainerEntityManagerFactoryBean.java:390) ~[spring-orm-6.2.6.jar:6.2.6]
	at org.springframework.orm.jpa.AbstractEntityManagerFactoryBean.buildNativeEntityManagerFactory(AbstractEntityManagerFactoryBean.java:419) ~[spring-orm-6.2.6.jar:6.2.6]
	... 19 common frames omitted
Caused by: org.postgresql.util.PSQLException: FATAL: database "product" does not exist
	at org.postgresql.core.v3.QueryExecutorImpl.receiveErrorResponse(QueryExecutorImpl.java:2733) ~[postgresql-42.7.5.jar:42.7.5]
	at org.postgresql.core.v3.QueryExecutorImpl.readStartupMessages(QueryExecutorImpl.java:2845) ~[postgresql-42.7.5.jar:42.7.5]
	at org.postgresql.core.v3.QueryExecutorImpl.<init>(QueryExecutorImpl.java:176) ~[postgresql-42.7.5.jar:42.7.5]
	at org.postgresql.core.v3.ConnectionFactoryImpl.openConnectionImpl(ConnectionFactoryImpl.java:323) ~[postgresql-42.7.5.jar:42.7.5]
	at org.postgresql.core.ConnectionFactory.openConnection(ConnectionFactory.java:54) ~[postgresql-42.7.5.jar:42.7.5]
	at org.postgresql.jdbc.PgConnection.<init>(PgConnection.java:273) ~[postgresql-42.7.5.jar:42.7.5]
	at org.postgresql.Driver.makeConnection(Driver.java:446) ~[postgresql-42.7.5.jar:42.7.5]
	at org.postgresql.Driver.connect(Driver.java:298) ~[postgresql-42.7.5.jar:42.7.5]
	at com.zaxxer.hikari.util.DriverDataSource.getConnection(DriverDataSource.java:137) ~[HikariCP-5.1.0.jar:na]
	at com.zaxxer.hikari.pool.PoolBase.newConnection(PoolBase.java:360) ~[HikariCP-5.1.0.jar:na]
	at com.zaxxer.hikari.pool.PoolBase.newPoolEntry(PoolBase.java:202) ~[HikariCP-5.1.0.jar:na]
	at com.zaxxer.hikari.pool.HikariPool.createPoolEntry(HikariPool.java:461) ~[HikariCP-5.1.0.jar:na]
	at com.zaxxer.hikari.pool.HikariPool.checkFailFast(HikariPool.java:550) ~[HikariCP-5.1.0.jar:na]
	at com.zaxxer.hikari.pool.HikariPool.<init>(HikariPool.java:98) ~[HikariCP-5.1.0.jar:na]
	at com.zaxxer.hikari.HikariDataSource.getConnection(HikariDataSource.java:111) ~[HikariCP-5.1.0.jar:na]
	at org.hibernate.engine.jdbc.connections.internal.DatasourceConnectionProviderImpl.getConnection(DatasourceConnectionProviderImpl.java:126) ~[hibernate-core-6.6.13.Final.jar:6.6.13.Final]
	at org.hibernate.engine.jdbc.env.internal.JdbcEnvironmentInitiator$ConnectionProviderJdbcConnectionAccess.obtainConnection(JdbcEnvironmentInitiator.java:467) ~[hibernate-core-6.6.13.Final.jar:6.6.13.Final]
	at org.hibernate.resource.transaction.backend.jdbc.internal.DdlTransactionIsolatorNonJtaImpl.getIsolatedConnection(DdlTransactionIsolatorNonJtaImpl.java:46) ~[hibernate-core-6.6.13.Final.jar:6.6.13.Final]
	... 39 common frames omitted

2025-05-04T09:38:25.770+05:30  INFO 17356 --- [product-service] [main] c.s.p.ProductServiceApplication          : Starting ProductServiceApplication using Java 23.0.1 with PID 17356 (C:\Users\IPK Computer X\Documents\GitHub\product-service\target\classes started by IPK Computer X in C:\Users\IPK Computer X\Documents\GitHub\product-service)
2025-05-04T09:38:25.772+05:30  INFO 17356 --- [product-service] [main] c.s.p.ProductServiceApplication          : No active profile set, falling back to 1 default profile: "default"
2025-05-04T09:38:26.377+05:30  INFO 17356 --- [product-service] [main] .s.d.r.c.RepositoryConfigurationDelegate : Bootstrapping Spring Data JPA repositories in DEFAULT mode.
2025-05-04T09:38:26.423+05:30  INFO 17356 --- [product-service] [main] .s.d.r.c.RepositoryConfigurationDelegate : Finished Spring Data repository scanning in 38 ms. Found 1 JPA repository interface.
2025-05-04T09:38:26.900+05:30  INFO 17356 --- [product-service] [main] o.s.b.w.embedded.tomcat.TomcatWebServer  : Tomcat initialized with port 8080 (http)
2025-05-04T09:38:26.911+05:30  INFO 17356 --- [product-service] [main] o.apache.catalina.core.StandardService   : Starting service [Tomcat]
2025-05-04T09:38:26.912+05:30  INFO 17356 --- [product-service] [main] o.apache.catalina.core.StandardEngine    : Starting Servlet engine: [Apache Tomcat/10.1.40]
2025-05-04T09:38:26.966+05:30  INFO 17356 --- [product-service] [main] o.a.c.c.C.[Tomcat].[localhost].[/]       : Initializing Spring embedded WebApplicationContext
2025-05-04T09:38:26.967+05:30  INFO 17356 --- [product-service] [main] w.s.c.ServletWebServerApplicationContext : Root WebApplicationContext: initialization completed in 1142 ms
2025-05-04T09:38:27.125+05:30  INFO 17356 --- [product-service] [main] o.hibernate.jpa.internal.util.LogHelper  : HHH000204: Processing PersistenceUnitInfo [name: default]
2025-05-04T09:38:27.168+05:30  INFO 17356 --- [product-service] [main] org.hibernate.Version                    : HHH000412: Hibernate ORM core version 6.6.13.Final
2025-05-04T09:38:27.192+05:30  INFO 17356 --- [product-service] [main] o.h.c.internal.RegionFactoryInitiator    : HHH000026: Second-level cache disabled
2025-05-04T09:38:27.433+05:30  INFO 17356 --- [product-service] [main] o.s.o.j.p.SpringPersistenceUnitInfo      : No LoadTimeWeaver setup: ignoring JPA class transformer
2025-05-04T09:38:27.462+05:30  INFO 17356 --- [product-service] [main] com.zaxxer.hikari.HikariDataSource       : HikariPool-1 - Starting...
2025-05-04T09:38:27.641+05:30  INFO 17356 --- [product-service] [main] com.zaxxer.hikari.pool.HikariPool        : HikariPool-1 - Added connection org.postgresql.jdbc.PgConnection@305aaedf
2025-05-04T09:38:27.643+05:30  INFO 17356 --- [product-service] [main] com.zaxxer.hikari.HikariDataSource       : HikariPool-1 - Start completed.
2025-05-04T09:38:27.672+05:30  WARN 17356 --- [product-service] [main] org.hibernate.orm.deprecation            : HHH90000025: PostgreSQLDialect does not need to be specified explicitly using 'hibernate.dialect' (remove the property setting and it will be selected by default)
2025-05-04T09:38:27.687+05:30  INFO 17356 --- [product-service] [main] org.hibernate.orm.connections.pooling    : HHH10001005: Database info:
	Database JDBC URL [Connecting through datasource 'HikariDataSource (HikariPool-1)']
	Database driver: undefined/unknown
	Database version: 16.3
	Autocommit mode: undefined/unknown
	Isolation level: undefined/unknown
	Minimum pool size: undefined/unknown
	Maximum pool size: undefined/unknown
2025-05-04T09:38:28.390+05:30  INFO 17356 --- [product-service] [main] o.h.e.t.j.p.i.JtaPlatformInitiator       : HHH000489: No JTA platform available (set 'hibernate.transaction.jta.platform' to enable JTA platform integration)
2025-05-04T09:38:28.452+05:30  INFO 17356 --- [product-service] [main] j.LocalContainerEntityManagerFactoryBean : Initialized JPA EntityManagerFactory for persistence unit 'default'
2025-05-04T09:38:28.775+05:30  WARN 17356 --- [product-service] [main] JpaBaseConfiguration$JpaWebConfiguration : spring.jpa.open-in-view is enabled by default. Therefore, database queries may be performed during view rendering. Explicitly configure spring.jpa.open-in-view to disable this warning
2025-05-04T09:38:29.325+05:30  WARN 17356 --- [product-service] [main] ion$DefaultTemplateResolverConfiguration : Cannot find template location: classpath:/templates/ (please add some templates, check your Thymeleaf configuration, or set spring.thymeleaf.check-template-location=false)
2025-05-04T09:38:29.444+05:30  WARN 17356 --- [product-service] [main] .s.s.UserDetailsServiceAutoConfiguration : 

Using generated security password: bdc45501-0d9b-4c13-930c-dac52002448c

This generated password is for development use only. Your security configuration must be updated before running your application in production.

2025-05-04T09:38:29.460+05:30  INFO 17356 --- [product-service] [main] r$InitializeUserDetailsManagerConfigurer : Global AuthenticationManager configured with UserDetailsService bean with name inMemoryUserDetailsManager
2025-05-04T09:38:29.638+05:30  INFO 17356 --- [product-service] [main] o.s.b.w.embedded.tomcat.TomcatWebServer  : Tomcat started on port 8080 (http) with context path '/'
2025-05-04T09:38:29.646+05:30  INFO 17356 --- [product-service] [main] c.s.p.ProductServiceApplication          : Started ProductServiceApplication in 4.296 seconds (process running for 4.864)
2025-05-04T09:46:00.876+05:30  INFO 17356 --- [product-service] [http-nio-8080-exec-2] o.a.c.c.C.[Tomcat].[localhost].[/]       : Initializing Spring DispatcherServlet 'dispatcherServlet'
2025-05-04T09:46:00.896+05:30  INFO 17356 --- [product-service] [http-nio-8080-exec-2] o.s.web.servlet.DispatcherServlet        : Initializing Servlet 'dispatcherServlet'
2025-05-04T09:46:00.938+05:30  INFO 17356 --- [product-service] [http-nio-8080-exec-2] o.s.web.servlet.DispatcherServlet        : Completed initialization in 41 ms
2025-05-04T09:46:11.555+05:30  INFO 17356 --- [product-service] [SpringApplicationShutdownHook] o.s.b.w.e.tomcat.GracefulShutdown        : Commencing graceful shutdown. Waiting for active requests to complete
2025-05-04T09:46:11.576+05:30  INFO 17356 --- [product-service] [tomcat-shutdown] o.s.b.w.e.tomcat.GracefulShutdown        : Graceful shutdown complete
2025-05-04T09:46:11.592+05:30  INFO 17356 --- [product-service] [SpringApplicationShutdownHook] j.LocalContainerEntityManagerFactoryBean : Closing JPA EntityManagerFactory for persistence unit 'default'
2025-05-04T09:46:11.615+05:30  INFO 17356 --- [product-service] [SpringApplicationShutdownHook] com.zaxxer.hikari.HikariDataSource       : HikariPool-1 - Shutdown initiated...
2025-05-04T09:46:11.631+05:30  INFO 17356 --- [product-service] [SpringApplicationShutdownHook] com.zaxxer.hikari.HikariDataSource       : HikariPool-1 - Shutdown completed.
2025-05-04T09:46:14.460+05:30  INFO 3504 --- [product-service] [main] c.s.p.ProductServiceApplication          : Starting ProductServiceApplication using Java 23.0.1 with PID 3504 (C:\Users\IPK Computer X\Documents\GitHub\product-service\target\classes started by IPK Computer X in C:\Users\IPK Computer X\Documents\GitHub\product-service)
2025-05-04T09:46:14.462+05:30  INFO 3504 --- [product-service] [main] c.s.p.ProductServiceApplication          : No active profile set, falling back to 1 default profile: "default"
2025-05-04T09:46:15.202+05:30  INFO 3504 --- [product-service] [main] .s.d.r.c.RepositoryConfigurationDelegate : Bootstrapping Spring Data JPA repositories in DEFAULT mode.
2025-05-04T09:46:15.262+05:30  INFO 3504 --- [product-service] [main] .s.d.r.c.RepositoryConfigurationDelegate : Finished Spring Data repository scanning in 52 ms. Found 1 JPA repository interface.
2025-05-04T09:46:15.788+05:30  INFO 3504 --- [product-service] [main] o.s.b.w.embedded.tomcat.TomcatWebServer  : Tomcat initialized with port 8080 (http)
2025-05-04T09:46:15.806+05:30  INFO 3504 --- [product-service] [main] o.apache.catalina.core.StandardService   : Starting service [Tomcat]
2025-05-04T09:46:15.807+05:30  INFO 3504 --- [product-service] [main] o.apache.catalina.core.StandardEngine    : Starting Servlet engine: [Apache Tomcat/10.1.40]
2025-05-04T09:46:15.853+05:30  INFO 3504 --- [product-service] [main] o.a.c.c.C.[Tomcat].[localhost].[/]       : Initializing Spring embedded WebApplicationContext
2025-05-04T09:46:15.854+05:30  INFO 3504 --- [product-service] [main] w.s.c.ServletWebServerApplicationContext : Root WebApplicationContext: initialization completed in 1345 ms
2025-05-04T09:46:16.014+05:30  INFO 3504 --- [product-service] [main] o.hibernate.jpa.internal.util.LogHelper  : HHH000204: Processing PersistenceUnitInfo [name: default]
2025-05-04T09:46:16.092+05:30  INFO 3504 --- [product-service] [main] org.hibernate.Version                    : HHH000412: Hibernate ORM core version 6.6.13.Final
2025-05-04T09:46:16.131+05:30  INFO 3504 --- [product-service] [main] o.h.c.internal.RegionFactoryInitiator    : HHH000026: Second-level cache disabled
2025-05-04T09:46:16.414+05:30  INFO 3504 --- [product-service] [main] o.s.o.j.p.SpringPersistenceUnitInfo      : No LoadTimeWeaver setup: ignoring JPA class transformer
2025-05-04T09:46:16.443+05:30  INFO 3504 --- [product-service] [main] com.zaxxer.hikari.HikariDataSource       : HikariPool-1 - Starting...
2025-05-04T09:46:16.634+05:30  INFO 3504 --- [product-service] [main] com.zaxxer.hikari.pool.HikariPool        : HikariPool-1 - Added connection org.postgresql.jdbc.PgConnection@6f8ac8d5
2025-05-04T09:46:16.636+05:30  INFO 3504 --- [product-service] [main] com.zaxxer.hikari.HikariDataSource       : HikariPool-1 - Start completed.
2025-05-04T09:46:16.688+05:30  WARN 3504 --- [product-service] [main] org.hibernate.orm.deprecation            : HHH90000025: PostgreSQLDialect does not need to be specified explicitly using 'hibernate.dialect' (remove the property setting and it will be selected by default)
2025-05-04T09:46:16.705+05:30  INFO 3504 --- [product-service] [main] org.hibernate.orm.connections.pooling    : HHH10001005: Database info:
	Database JDBC URL [Connecting through datasource 'HikariDataSource (HikariPool-1)']
	Database driver: undefined/unknown
	Database version: 16.3
	Autocommit mode: undefined/unknown
	Isolation level: undefined/unknown
	Minimum pool size: undefined/unknown
	Maximum pool size: undefined/unknown
2025-05-04T09:46:17.472+05:30  INFO 3504 --- [product-service] [main] o.h.e.t.j.p.i.JtaPlatformInitiator       : HHH000489: No JTA platform available (set 'hibernate.transaction.jta.platform' to enable JTA platform integration)
2025-05-04T09:46:17.553+05:30  INFO 3504 --- [product-service] [main] j.LocalContainerEntityManagerFactoryBean : Initialized JPA EntityManagerFactory for persistence unit 'default'
2025-05-04T09:46:17.855+05:30  WARN 3504 --- [product-service] [main] JpaBaseConfiguration$JpaWebConfiguration : spring.jpa.open-in-view is enabled by default. Therefore, database queries may be performed during view rendering. Explicitly configure spring.jpa.open-in-view to disable this warning
2025-05-04T09:46:18.097+05:30  WARN 3504 --- [product-service] [main] ion$DefaultTemplateResolverConfiguration : Cannot find template location: classpath:/templates/ (please add some templates, check your Thymeleaf configuration, or set spring.thymeleaf.check-template-location=false)
2025-05-04T09:46:18.202+05:30  WARN 3504 --- [product-service] [main] .s.s.UserDetailsServiceAutoConfiguration : 

Using generated security password: ec4dc8b9-0359-4e54-ad1b-d4a0b4950a90

This generated password is for development use only. Your security configuration must be updated before running your application in production.

2025-05-04T09:46:18.215+05:30  INFO 3504 --- [product-service] [main] r$InitializeUserDetailsManagerConfigurer : Global AuthenticationManager configured with UserDetailsService bean with name inMemoryUserDetailsManager
2025-05-04T09:46:18.394+05:30  INFO 3504 --- [product-service] [main] o.s.b.w.embedded.tomcat.TomcatWebServer  : Tomcat started on port 8080 (http) with context path '/'
2025-05-04T09:46:18.401+05:30  INFO 3504 --- [product-service] [main] c.s.p.ProductServiceApplication          : Started ProductServiceApplication in 4.404 seconds (process running for 5.141)
2025-05-04T09:46:32.632+05:30  INFO 3504 --- [product-service] [http-nio-8080-exec-1] o.a.c.c.C.[Tomcat].[localhost].[/]       : Initializing Spring DispatcherServlet 'dispatcherServlet'
2025-05-04T09:46:32.632+05:30  INFO 3504 --- [product-service] [http-nio-8080-exec-1] o.s.web.servlet.DispatcherServlet        : Initializing Servlet 'dispatcherServlet'
2025-05-04T09:46:32.633+05:30  INFO 3504 --- [product-service] [http-nio-8080-exec-1] o.s.web.servlet.DispatcherServlet        : Completed initialization in 1 ms
2025-05-04T09:48:27.978+05:30  INFO 3504 --- [product-service] [SpringApplicationShutdownHook] o.s.b.w.e.tomcat.GracefulShutdown        : Commencing graceful shutdown. Waiting for active requests to complete
2025-05-04T09:48:27.997+05:30  INFO 3504 --- [product-service] [tomcat-shutdown] o.s.b.w.e.tomcat.GracefulShutdown        : Graceful shutdown complete
2025-05-04T09:48:28.005+05:30  INFO 3504 --- [product-service] [SpringApplicationShutdownHook] j.LocalContainerEntityManagerFactoryBean : Closing JPA EntityManagerFactory for persistence unit 'default'
2025-05-04T09:48:28.012+05:30  INFO 3504 --- [product-service] [SpringApplicationShutdownHook] com.zaxxer.hikari.HikariDataSource       : HikariPool-1 - Shutdown initiated...
2025-05-04T09:48:28.017+05:30  INFO 3504 --- [product-service] [SpringApplicationShutdownHook] com.zaxxer.hikari.HikariDataSource       : HikariPool-1 - Shutdown completed.
2025-05-04T09:48:31.349+05:30  INFO 5288 --- [product-service] [main] c.s.p.ProductServiceApplication          : Starting ProductServiceApplication using Java 23.0.1 with PID 5288 (C:\Users\IPK Computer X\Documents\GitHub\product-service\target\classes started by IPK Computer X in C:\Users\IPK Computer X\Documents\GitHub\product-service)
2025-05-04T09:48:31.351+05:30  INFO 5288 --- [product-service] [main] c.s.p.ProductServiceApplication          : No active profile set, falling back to 1 default profile: "default"
2025-05-04T09:48:31.821+05:30  INFO 5288 --- [product-service] [main] .s.d.r.c.RepositoryConfigurationDelegate : Bootstrapping Spring Data JPA repositories in DEFAULT mode.
2025-05-04T09:48:31.866+05:30  INFO 5288 --- [product-service] [main] .s.d.r.c.RepositoryConfigurationDelegate : Finished Spring Data repository scanning in 35 ms. Found 1 JPA repository interface.
2025-05-04T09:48:32.499+05:30  INFO 5288 --- [product-service] [main] o.s.b.w.embedded.tomcat.TomcatWebServer  : Tomcat initialized with port 8080 (http)
2025-05-04T09:48:32.510+05:30  INFO 5288 --- [product-service] [main] o.apache.catalina.core.StandardService   : Starting service [Tomcat]
2025-05-04T09:48:32.511+05:30  INFO 5288 --- [product-service] [main] o.apache.catalina.core.StandardEngine    : Starting Servlet engine: [Apache Tomcat/10.1.40]
2025-05-04T09:48:32.554+05:30  INFO 5288 --- [product-service] [main] o.a.c.c.C.[Tomcat].[localhost].[/]       : Initializing Spring embedded WebApplicationContext
2025-05-04T09:48:32.554+05:30  INFO 5288 --- [product-service] [main] w.s.c.ServletWebServerApplicationContext : Root WebApplicationContext: initialization completed in 1141 ms
2025-05-04T09:48:32.692+05:30  INFO 5288 --- [product-service] [main] o.hibernate.jpa.internal.util.LogHelper  : HHH000204: Processing PersistenceUnitInfo [name: default]
2025-05-04T09:48:32.749+05:30  INFO 5288 --- [product-service] [main] org.hibernate.Version                    : HHH000412: Hibernate ORM core version 6.6.13.Final
2025-05-04T09:48:32.783+05:30  INFO 5288 --- [product-service] [main] o.h.c.internal.RegionFactoryInitiator    : HHH000026: Second-level cache disabled
2025-05-04T09:48:33.054+05:30  INFO 5288 --- [product-service] [main] o.s.o.j.p.SpringPersistenceUnitInfo      : No LoadTimeWeaver setup: ignoring JPA class transformer
2025-05-04T09:48:33.083+05:30  INFO 5288 --- [product-service] [main] com.zaxxer.hikari.HikariDataSource       : HikariPool-1 - Starting...
2025-05-04T09:48:33.349+05:30  INFO 5288 --- [product-service] [main] com.zaxxer.hikari.pool.HikariPool        : HikariPool-1 - Added connection org.postgresql.jdbc.PgConnection@531a716c
2025-05-04T09:48:33.351+05:30  INFO 5288 --- [product-service] [main] com.zaxxer.hikari.HikariDataSource       : HikariPool-1 - Start completed.
2025-05-04T09:48:33.399+05:30  WARN 5288 --- [product-service] [main] org.hibernate.orm.deprecation            : HHH90000025: PostgreSQLDialect does not need to be specified explicitly using 'hibernate.dialect' (remove the property setting and it will be selected by default)
2025-05-04T09:48:33.416+05:30  INFO 5288 --- [product-service] [main] org.hibernate.orm.connections.pooling    : HHH10001005: Database info:
	Database JDBC URL [Connecting through datasource 'HikariDataSource (HikariPool-1)']
	Database driver: undefined/unknown
	Database version: 16.3
	Autocommit mode: undefined/unknown
	Isolation level: undefined/unknown
	Minimum pool size: undefined/unknown
	Maximum pool size: undefined/unknown
2025-05-04T09:48:34.141+05:30  INFO 5288 --- [product-service] [main] o.h.e.t.j.p.i.JtaPlatformInitiator       : HHH000489: No JTA platform available (set 'hibernate.transaction.jta.platform' to enable JTA platform integration)
2025-05-04T09:48:34.199+05:30  INFO 5288 --- [product-service] [main] j.LocalContainerEntityManagerFactoryBean : Initialized JPA EntityManagerFactory for persistence unit 'default'
2025-05-04T09:48:34.481+05:30  WARN 5288 --- [product-service] [main] JpaBaseConfiguration$JpaWebConfiguration : spring.jpa.open-in-view is enabled by default. Therefore, database queries may be performed during view rendering. Explicitly configure spring.jpa.open-in-view to disable this warning
2025-05-04T09:48:34.703+05:30  WARN 5288 --- [product-service] [main] ion$DefaultTemplateResolverConfiguration : Cannot find template location: classpath:/templates/ (please add some templates, check your Thymeleaf configuration, or set spring.thymeleaf.check-template-location=false)
2025-05-04T09:48:34.804+05:30  WARN 5288 --- [product-service] [main] .s.s.UserDetailsServiceAutoConfiguration : 

Using generated security password: 2dab2771-641c-4007-9d5e-021b3b8d99d5

This generated password is for development use only. Your security configuration must be updated before running your application in production.

2025-05-04T09:48:34.816+05:30  INFO 5288 --- [product-service] [main] r$InitializeUserDetailsManagerConfigurer : Global AuthenticationManager configured with UserDetailsService bean with name inMemoryUserDetailsManager
2025-05-04T09:48:34.987+05:30  INFO 5288 --- [product-service] [main] o.s.b.w.embedded.tomcat.TomcatWebServer  : Tomcat started on port 8080 (http) with context path '/'
2025-05-04T09:48:34.995+05:30  INFO 5288 --- [product-service] [main] c.s.p.ProductServiceApplication          : Started ProductServiceApplication in 4.06 seconds (process running for 4.723)
2025-05-04T09:48:40.643+05:30  INFO 5288 --- [product-service] [http-nio-8080-exec-2] o.a.c.c.C.[Tomcat].[localhost].[/]       : Initializing Spring DispatcherServlet 'dispatcherServlet'
2025-05-04T09:48:40.643+05:30  INFO 5288 --- [product-service] [http-nio-8080-exec-2] o.s.web.servlet.DispatcherServlet        : Initializing Servlet 'dispatcherServlet'
2025-05-04T09:48:40.644+05:30  INFO 5288 --- [product-service] [http-nio-8080-exec-2] o.s.web.servlet.DispatcherServlet        : Completed initialization in 1 ms
2025-05-04T09:53:21.720+05:30  INFO 5288 --- [product-service] [SpringApplicationShutdownHook] o.s.b.w.e.tomcat.GracefulShutdown        : Commencing graceful shutdown. Waiting for active requests to complete
2025-05-04T09:53:21.741+05:30  INFO 5288 --- [product-service] [tomcat-shutdown] o.s.b.w.e.tomcat.GracefulShutdown        : Graceful shutdown complete
2025-05-04T09:53:21.751+05:30  INFO 5288 --- [product-service] [SpringApplicationShutdownHook] j.LocalContainerEntityManagerFactoryBean : Closing JPA EntityManagerFactory for persistence unit 'default'
2025-05-04T09:53:21.761+05:30  INFO 5288 --- [product-service] [SpringApplicationShutdownHook] com.zaxxer.hikari.HikariDataSource       : HikariPool-1 - Shutdown initiated...
2025-05-04T09:53:21.775+05:30  INFO 5288 --- [product-service] [SpringApplicationShutdownHook] com.zaxxer.hikari.HikariDataSource       : HikariPool-1 - Shutdown completed.
2025-05-04T09:53:28.885+05:30  INFO 12776 --- [product-service] [main] c.s.p.ProductServiceApplication          : Starting ProductServiceApplication using Java 23.0.1 with PID 12776 (C:\Users\IPK Computer X\Documents\GitHub\product-service\target\classes started by IPK Computer X in C:\Users\IPK Computer X\Documents\GitHub\product-service)
2025-05-04T09:53:28.887+05:30  INFO 12776 --- [product-service] [main] c.s.p.ProductServiceApplication          : No active profile set, falling back to 1 default profile: "default"
2025-05-04T09:53:29.498+05:30  INFO 12776 --- [product-service] [main] .s.d.r.c.RepositoryConfigurationDelegate : Bootstrapping Spring Data JPA repositories in DEFAULT mode.
2025-05-04T09:53:29.541+05:30  INFO 12776 --- [product-service] [main] .s.d.r.c.RepositoryConfigurationDelegate : Finished Spring Data repository scanning in 34 ms. Found 1 JPA repository interface.
2025-05-04T09:53:30.229+05:30  INFO 12776 --- [product-service] [main] o.s.b.w.embedded.tomcat.TomcatWebServer  : Tomcat initialized with port 8080 (http)
2025-05-04T09:53:30.244+05:30  INFO 12776 --- [product-service] [main] o.apache.catalina.core.StandardService   : Starting service [Tomcat]
2025-05-04T09:53:30.245+05:30  INFO 12776 --- [product-service] [main] o.apache.catalina.core.StandardEngine    : Starting Servlet engine: [Apache Tomcat/10.1.40]
2025-05-04T09:53:30.291+05:30  INFO 12776 --- [product-service] [main] o.a.c.c.C.[Tomcat].[localhost].[/]       : Initializing Spring embedded WebApplicationContext
2025-05-04T09:53:30.292+05:30  INFO 12776 --- [product-service] [main] w.s.c.ServletWebServerApplicationContext : Root WebApplicationContext: initialization completed in 1349 ms
2025-05-04T09:53:30.468+05:30  INFO 12776 --- [product-service] [main] o.hibernate.jpa.internal.util.LogHelper  : HHH000204: Processing PersistenceUnitInfo [name: default]
2025-05-04T09:53:30.521+05:30  INFO 12776 --- [product-service] [main] org.hibernate.Version                    : HHH000412: Hibernate ORM core version 6.6.13.Final
2025-05-04T09:53:30.551+05:30  INFO 12776 --- [product-service] [main] o.h.c.internal.RegionFactoryInitiator    : HHH000026: Second-level cache disabled
2025-05-04T09:53:30.817+05:30  INFO 12776 --- [product-service] [main] o.s.o.j.p.SpringPersistenceUnitInfo      : No LoadTimeWeaver setup: ignoring JPA class transformer
2025-05-04T09:53:30.843+05:30  INFO 12776 --- [product-service] [main] com.zaxxer.hikari.HikariDataSource       : HikariPool-1 - Starting...
2025-05-04T09:53:31.042+05:30  INFO 12776 --- [product-service] [main] com.zaxxer.hikari.pool.HikariPool        : HikariPool-1 - Added connection org.postgresql.jdbc.PgConnection@213835b6
2025-05-04T09:53:31.044+05:30  INFO 12776 --- [product-service] [main] com.zaxxer.hikari.HikariDataSource       : HikariPool-1 - Start completed.
2025-05-04T09:53:31.092+05:30  WARN 12776 --- [product-service] [main] org.hibernate.orm.deprecation            : HHH90000025: PostgreSQLDialect does not need to be specified explicitly using 'hibernate.dialect' (remove the property setting and it will be selected by default)
2025-05-04T09:53:31.108+05:30  INFO 12776 --- [product-service] [main] org.hibernate.orm.connections.pooling    : HHH10001005: Database info:
	Database JDBC URL [Connecting through datasource 'HikariDataSource (HikariPool-1)']
	Database driver: undefined/unknown
	Database version: 16.3
	Autocommit mode: undefined/unknown
	Isolation level: undefined/unknown
	Minimum pool size: undefined/unknown
	Maximum pool size: undefined/unknown
2025-05-04T09:53:31.840+05:30  INFO 12776 --- [product-service] [main] o.h.e.t.j.p.i.JtaPlatformInitiator       : HHH000489: No JTA platform available (set 'hibernate.transaction.jta.platform' to enable JTA platform integration)
2025-05-04T09:53:31.898+05:30  INFO 12776 --- [product-service] [main] j.LocalContainerEntityManagerFactoryBean : Initialized JPA EntityManagerFactory for persistence unit 'default'
2025-05-04T09:53:32.181+05:30  WARN 12776 --- [product-service] [main] JpaBaseConfiguration$JpaWebConfiguration : spring.jpa.open-in-view is enabled by default. Therefore, database queries may be performed during view rendering. Explicitly configure spring.jpa.open-in-view to disable this warning
2025-05-04T09:53:32.403+05:30  WARN 12776 --- [product-service] [main] ion$DefaultTemplateResolverConfiguration : Cannot find template location: classpath:/templates/ (please add some templates, check your Thymeleaf configuration, or set spring.thymeleaf.check-template-location=false)
2025-05-04T09:53:32.494+05:30  WARN 12776 --- [product-service] [main] .s.s.UserDetailsServiceAutoConfiguration : 

Using generated security password: 35a98404-db80-4d97-a07d-4726f8815222

This generated password is for development use only. Your security configuration must be updated before running your application in production.

2025-05-04T09:53:32.506+05:30  INFO 12776 --- [product-service] [main] r$InitializeUserDetailsManagerConfigurer : Global AuthenticationManager configured with UserDetailsService bean with name inMemoryUserDetailsManager
2025-05-04T09:53:32.657+05:30  INFO 12776 --- [product-service] [main] o.s.b.w.embedded.tomcat.TomcatWebServer  : Tomcat started on port 8080 (http) with context path '/'
2025-05-04T09:53:32.664+05:30  INFO 12776 --- [product-service] [main] c.s.p.ProductServiceApplication          : Started ProductServiceApplication in 4.359 seconds (process running for 5.327)
2025-05-04T09:54:05.611+05:30  INFO 12776 --- [product-service] [http-nio-8080-exec-2] o.a.c.c.C.[Tomcat].[localhost].[/]       : Initializing Spring DispatcherServlet 'dispatcherServlet'
2025-05-04T09:54:05.611+05:30  INFO 12776 --- [product-service] [http-nio-8080-exec-2] o.s.web.servlet.DispatcherServlet        : Initializing Servlet 'dispatcherServlet'
2025-05-04T09:54:05.612+05:30  INFO 12776 --- [product-service] [http-nio-8080-exec-2] o.s.web.servlet.DispatcherServlet        : Completed initialization in 1 ms
2025-05-04T09:55:44.212+05:30  INFO 12776 --- [product-service] [SpringApplicationShutdownHook] o.s.b.w.e.tomcat.GracefulShutdown        : Commencing graceful shutdown. Waiting for active requests to complete
2025-05-04T09:55:44.226+05:30  INFO 12776 --- [product-service] [tomcat-shutdown] o.s.b.w.e.tomcat.GracefulShutdown        : Graceful shutdown complete
2025-05-04T09:55:44.230+05:30  INFO 12776 --- [product-service] [SpringApplicationShutdownHook] j.LocalContainerEntityManagerFactoryBean : Closing JPA EntityManagerFactory for persistence unit 'default'
2025-05-04T09:55:44.232+05:30  INFO 12776 --- [product-service] [SpringApplicationShutdownHook] com.zaxxer.hikari.HikariDataSource       : HikariPool-1 - Shutdown initiated...
2025-05-04T09:55:44.236+05:30  INFO 12776 --- [product-service] [SpringApplicationShutdownHook] com.zaxxer.hikari.HikariDataSource       : HikariPool-1 - Shutdown completed.
2025-05-04T09:55:46.399+05:30  INFO 17944 --- [product-service] [main] c.s.p.ProductServiceApplication          : Starting ProductServiceApplication using Java 23.0.1 with PID 17944 (C:\Users\IPK Computer X\Documents\GitHub\product-service\target\classes started by IPK Computer X in C:\Users\IPK Computer X\Documents\GitHub\product-service)
2025-05-04T09:55:46.401+05:30  INFO 17944 --- [product-service] [main] c.s.p.ProductServiceApplication          : No active profile set, falling back to 1 default profile: "default"
2025-05-04T09:55:46.879+05:30  INFO 17944 --- [product-service] [main] .s.d.r.c.RepositoryConfigurationDelegate : Bootstrapping Spring Data JPA repositories in DEFAULT mode.
2025-05-04T09:55:46.915+05:30  INFO 17944 --- [product-service] [main] .s.d.r.c.RepositoryConfigurationDelegate : Finished Spring Data repository scanning in 29 ms. Found 1 JPA repository interface.
2025-05-04T09:55:47.484+05:30  INFO 17944 --- [product-service] [main] o.s.b.w.embedded.tomcat.TomcatWebServer  : Tomcat initialized with port 8080 (http)
2025-05-04T09:55:47.496+05:30  INFO 17944 --- [product-service] [main] o.apache.catalina.core.StandardService   : Starting service [Tomcat]
2025-05-04T09:55:47.496+05:30  INFO 17944 --- [product-service] [main] o.apache.catalina.core.StandardEngine    : Starting Servlet engine: [Apache Tomcat/10.1.40]
2025-05-04T09:55:47.540+05:30  INFO 17944 --- [product-service] [main] o.a.c.c.C.[Tomcat].[localhost].[/]       : Initializing Spring embedded WebApplicationContext
2025-05-04T09:55:47.540+05:30  INFO 17944 --- [product-service] [main] w.s.c.ServletWebServerApplicationContext : Root WebApplicationContext: initialization completed in 1072 ms
2025-05-04T09:55:47.666+05:30  INFO 17944 --- [product-service] [main] o.hibernate.jpa.internal.util.LogHelper  : HHH000204: Processing PersistenceUnitInfo [name: default]
2025-05-04T09:55:47.708+05:30  INFO 17944 --- [product-service] [main] org.hibernate.Version                    : HHH000412: Hibernate ORM core version 6.6.13.Final
2025-05-04T09:55:47.739+05:30  INFO 17944 --- [product-service] [main] o.h.c.internal.RegionFactoryInitiator    : HHH000026: Second-level cache disabled
2025-05-04T09:55:47.965+05:30  INFO 17944 --- [product-service] [main] o.s.o.j.p.SpringPersistenceUnitInfo      : No LoadTimeWeaver setup: ignoring JPA class transformer
2025-05-04T09:55:47.992+05:30  INFO 17944 --- [product-service] [main] com.zaxxer.hikari.HikariDataSource       : HikariPool-1 - Starting...
2025-05-04T09:55:48.127+05:30  INFO 17944 --- [product-service] [main] com.zaxxer.hikari.pool.HikariPool        : HikariPool-1 - Added connection org.postgresql.jdbc.PgConnection@2a5c6b76
2025-05-04T09:55:48.129+05:30  INFO 17944 --- [product-service] [main] com.zaxxer.hikari.HikariDataSource       : HikariPool-1 - Start completed.
2025-05-04T09:55:48.157+05:30  WARN 17944 --- [product-service] [main] org.hibernate.orm.deprecation            : HHH90000025: PostgreSQLDialect does not need to be specified explicitly using 'hibernate.dialect' (remove the property setting and it will be selected by default)
2025-05-04T09:55:48.174+05:30  INFO 17944 --- [product-service] [main] org.hibernate.orm.connections.pooling    : HHH10001005: Database info:
	Database JDBC URL [Connecting through datasource 'HikariDataSource (HikariPool-1)']
	Database driver: undefined/unknown
	Database version: 16.3
	Autocommit mode: undefined/unknown
	Isolation level: undefined/unknown
	Minimum pool size: undefined/unknown
	Maximum pool size: undefined/unknown
2025-05-04T09:55:48.854+05:30  INFO 17944 --- [product-service] [main] o.h.e.t.j.p.i.JtaPlatformInitiator       : HHH000489: No JTA platform available (set 'hibernate.transaction.jta.platform' to enable JTA platform integration)
2025-05-04T09:55:48.903+05:30  INFO 17944 --- [product-service] [main] j.LocalContainerEntityManagerFactoryBean : Initialized JPA EntityManagerFactory for persistence unit 'default'
2025-05-04T09:55:49.192+05:30  WARN 17944 --- [product-service] [main] JpaBaseConfiguration$JpaWebConfiguration : spring.jpa.open-in-view is enabled by default. Therefore, database queries may be performed during view rendering. Explicitly configure spring.jpa.open-in-view to disable this warning
2025-05-04T09:55:49.401+05:30  WARN 17944 --- [product-service] [main] ion$DefaultTemplateResolverConfiguration : Cannot find template location: classpath:/templates/ (please add some templates, check your Thymeleaf configuration, or set spring.thymeleaf.check-template-location=false)
2025-05-04T09:55:49.508+05:30  INFO 17944 --- [product-service] [main] r$InitializeUserDetailsManagerConfigurer : Global AuthenticationManager configured with UserDetailsService bean with name inMemoryUserDetailsManager
2025-05-04T09:55:49.655+05:30  INFO 17944 --- [product-service] [main] o.s.b.w.embedded.tomcat.TomcatWebServer  : Tomcat started on port 8080 (http) with context path '/'
2025-05-04T09:55:49.662+05:30  INFO 17944 --- [product-service] [main] c.s.p.ProductServiceApplication          : Started ProductServiceApplication in 3.671 seconds (process running for 4.3)
2025-05-04T09:56:11.642+05:30  INFO 17944 --- [product-service] [http-nio-8080-exec-9] o.a.c.c.C.[Tomcat].[localhost].[/]       : Initializing Spring DispatcherServlet 'dispatcherServlet'
2025-05-04T09:56:11.642+05:30  INFO 17944 --- [product-service] [http-nio-8080-exec-9] o.s.web.servlet.DispatcherServlet        : Initializing Servlet 'dispatcherServlet'
2025-05-04T09:56:11.643+05:30  INFO 17944 --- [product-service] [http-nio-8080-exec-9] o.s.web.servlet.DispatcherServlet        : Completed initialization in 1 ms
2025-05-04T10:01:03.477+05:30  INFO 17944 --- [product-service] [SpringApplicationShutdownHook] o.s.b.w.e.tomcat.GracefulShutdown        : Commencing graceful shutdown. Waiting for active requests to complete
2025-05-04T10:01:03.576+05:30  INFO 17944 --- [product-service] [tomcat-shutdown] o.s.b.w.e.tomcat.GracefulShutdown        : Graceful shutdown complete
2025-05-04T10:01:03.643+05:30  INFO 17944 --- [product-service] [SpringApplicationShutdownHook] j.LocalContainerEntityManagerFactoryBean : Closing JPA EntityManagerFactory for persistence unit 'default'
2025-05-04T10:01:03.721+05:30  INFO 17944 --- [product-service] [SpringApplicationShutdownHook] com.zaxxer.hikari.HikariDataSource       : HikariPool-1 - Shutdown initiated...
2025-05-04T10:01:03.776+05:30  INFO 17944 --- [product-service] [SpringApplicationShutdownHook] com.zaxxer.hikari.HikariDataSource       : HikariPool-1 - Shutdown completed.
2025-05-04T10:01:07.463+05:30  INFO 17836 --- [product-service] [main] c.s.p.ProductServiceApplication          : Starting ProductServiceApplication using Java 23.0.1 with PID 17836 (C:\Users\IPK Computer X\Documents\GitHub\product-service\target\classes started by IPK Computer X in C:\Users\IPK Computer X\Documents\GitHub\product-service)
2025-05-04T10:01:07.465+05:30  INFO 17836 --- [product-service] [main] c.s.p.ProductServiceApplication          : No active profile set, falling back to 1 default profile: "default"
2025-05-04T10:01:08.002+05:30  INFO 17836 --- [product-service] [main] .s.d.r.c.RepositoryConfigurationDelegate : Bootstrapping Spring Data JPA repositories in DEFAULT mode.
2025-05-04T10:01:08.055+05:30  INFO 17836 --- [product-service] [main] .s.d.r.c.RepositoryConfigurationDelegate : Finished Spring Data repository scanning in 43 ms. Found 1 JPA repository interface.
2025-05-04T10:01:09.704+05:30  INFO 17836 --- [product-service] [main] o.s.b.w.embedded.tomcat.TomcatWebServer  : Tomcat initialized with port 8080 (http)
2025-05-04T10:01:09.719+05:30  INFO 17836 --- [product-service] [main] o.apache.catalina.core.StandardService   : Starting service [Tomcat]
2025-05-04T10:01:09.719+05:30  INFO 17836 --- [product-service] [main] o.apache.catalina.core.StandardEngine    : Starting Servlet engine: [Apache Tomcat/10.1.40]
2025-05-04T10:01:09.769+05:30  INFO 17836 --- [product-service] [main] o.a.c.c.C.[Tomcat].[localhost].[/]       : Initializing Spring embedded WebApplicationContext
2025-05-04T10:01:09.769+05:30  INFO 17836 --- [product-service] [main] w.s.c.ServletWebServerApplicationContext : Root WebApplicationContext: initialization completed in 2244 ms
2025-05-04T10:01:09.998+05:30  INFO 17836 --- [product-service] [main] o.hibernate.jpa.internal.util.LogHelper  : HHH000204: Processing PersistenceUnitInfo [name: default]
2025-05-04T10:01:10.062+05:30  INFO 17836 --- [product-service] [main] org.hibernate.Version                    : HHH000412: Hibernate ORM core version 6.6.13.Final
2025-05-04T10:01:10.093+05:30  INFO 17836 --- [product-service] [main] o.h.c.internal.RegionFactoryInitiator    : HHH000026: Second-level cache disabled
2025-05-04T10:01:10.380+05:30  INFO 17836 --- [product-service] [main] o.s.o.j.p.SpringPersistenceUnitInfo      : No LoadTimeWeaver setup: ignoring JPA class transformer
2025-05-04T10:01:10.411+05:30  INFO 17836 --- [product-service] [main] com.zaxxer.hikari.HikariDataSource       : HikariPool-1 - Starting...
2025-05-04T10:01:10.614+05:30  INFO 17836 --- [product-service] [main] com.zaxxer.hikari.pool.HikariPool        : HikariPool-1 - Added connection org.postgresql.jdbc.PgConnection@740c4868
2025-05-04T10:01:10.615+05:30  INFO 17836 --- [product-service] [main] com.zaxxer.hikari.HikariDataSource       : HikariPool-1 - Start completed.
2025-05-04T10:01:10.664+05:30  WARN 17836 --- [product-service] [main] org.hibernate.orm.deprecation            : HHH90000025: PostgreSQLDialect does not need to be specified explicitly using 'hibernate.dialect' (remove the property setting and it will be selected by default)
2025-05-04T10:01:10.683+05:30  INFO 17836 --- [product-service] [main] org.hibernate.orm.connections.pooling    : HHH10001005: Database info:
	Database JDBC URL [Connecting through datasource 'HikariDataSource (HikariPool-1)']
	Database driver: undefined/unknown
	Database version: 16.3
	Autocommit mode: undefined/unknown
	Isolation level: undefined/unknown
	Minimum pool size: undefined/unknown
	Maximum pool size: undefined/unknown
2025-05-04T10:01:11.543+05:30  INFO 17836 --- [product-service] [main] o.h.e.t.j.p.i.JtaPlatformInitiator       : HHH000489: No JTA platform available (set 'hibernate.transaction.jta.platform' to enable JTA platform integration)
2025-05-04T10:01:11.619+05:30  INFO 17836 --- [product-service] [main] j.LocalContainerEntityManagerFactoryBean : Initialized JPA EntityManagerFactory for persistence unit 'default'
2025-05-04T10:01:11.933+05:30  WARN 17836 --- [product-service] [main] JpaBaseConfiguration$JpaWebConfiguration : spring.jpa.open-in-view is enabled by default. Therefore, database queries may be performed during view rendering. Explicitly configure spring.jpa.open-in-view to disable this warning
2025-05-04T10:01:12.215+05:30  WARN 17836 --- [product-service] [main] ion$DefaultTemplateResolverConfiguration : Cannot find template location: classpath:/templates/ (please add some templates, check your Thymeleaf configuration, or set spring.thymeleaf.check-template-location=false)
2025-05-04T10:01:12.328+05:30  WARN 17836 --- [product-service] [main] .s.s.UserDetailsServiceAutoConfiguration : 

Using generated security password: df3b3adc-a01a-460d-b841-7da97cc058b7

This generated password is for development use only. Your security configuration must be updated before running your application in production.

2025-05-04T10:01:12.340+05:30  INFO 17836 --- [product-service] [main] r$InitializeUserDetailsManagerConfigurer : Global AuthenticationManager configured with UserDetailsService bean with name inMemoryUserDetailsManager
2025-05-04T10:01:12.533+05:30  INFO 17836 --- [product-service] [main] o.s.b.w.embedded.tomcat.TomcatWebServer  : Tomcat started on port 8080 (http) with context path '/'
2025-05-04T10:01:12.541+05:30  INFO 17836 --- [product-service] [main] c.s.p.ProductServiceApplication          : Started ProductServiceApplication in 5.608 seconds (process running for 6.437)
2025-05-04T10:02:36.240+05:30  INFO 17836 --- [product-service] [SpringApplicationShutdownHook] o.s.b.w.e.tomcat.GracefulShutdown        : Commencing graceful shutdown. Waiting for active requests to complete
2025-05-04T10:02:36.277+05:30  INFO 17836 --- [product-service] [tomcat-shutdown] o.s.b.w.e.tomcat.GracefulShutdown        : Graceful shutdown complete
2025-05-04T10:02:36.289+05:30  INFO 17836 --- [product-service] [SpringApplicationShutdownHook] j.LocalContainerEntityManagerFactoryBean : Closing JPA EntityManagerFactory for persistence unit 'default'
2025-05-04T10:02:36.296+05:30  INFO 17836 --- [product-service] [SpringApplicationShutdownHook] com.zaxxer.hikari.HikariDataSource       : HikariPool-1 - Shutdown initiated...
2025-05-04T10:02:36.303+05:30  INFO 17836 --- [product-service] [SpringApplicationShutdownHook] com.zaxxer.hikari.HikariDataSource       : HikariPool-1 - Shutdown completed.
2025-05-04T10:02:41.516+05:30  INFO 10588 --- [product-service] [main] c.s.p.ProductServiceApplication          : Starting ProductServiceApplication using Java 23.0.1 with PID 10588 (C:\Users\IPK Computer X\Documents\GitHub\product-service\target\classes started by IPK Computer X in C:\Users\IPK Computer X\Documents\GitHub\product-service)
2025-05-04T10:02:41.518+05:30  INFO 10588 --- [product-service] [main] c.s.p.ProductServiceApplication          : No active profile set, falling back to 1 default profile: "default"
2025-05-04T10:02:42.044+05:30  INFO 10588 --- [product-service] [main] .s.d.r.c.RepositoryConfigurationDelegate : Bootstrapping Spring Data JPA repositories in DEFAULT mode.
2025-05-04T10:02:42.085+05:30  INFO 10588 --- [product-service] [main] .s.d.r.c.RepositoryConfigurationDelegate : Finished Spring Data repository scanning in 33 ms. Found 1 JPA repository interface.
2025-05-04T10:02:42.807+05:30  INFO 10588 --- [product-service] [main] o.s.b.w.embedded.tomcat.TomcatWebServer  : Tomcat initialized with port 8080 (http)
2025-05-04T10:02:42.821+05:30  INFO 10588 --- [product-service] [main] o.apache.catalina.core.StandardService   : Starting service [Tomcat]
2025-05-04T10:02:42.822+05:30  INFO 10588 --- [product-service] [main] o.apache.catalina.core.StandardEngine    : Starting Servlet engine: [Apache Tomcat/10.1.40]
2025-05-04T10:02:42.873+05:30  INFO 10588 --- [product-service] [main] o.a.c.c.C.[Tomcat].[localhost].[/]       : Initializing Spring embedded WebApplicationContext
2025-05-04T10:02:42.873+05:30  INFO 10588 --- [product-service] [main] w.s.c.ServletWebServerApplicationContext : Root WebApplicationContext: initialization completed in 1300 ms
2025-05-04T10:02:43.050+05:30  INFO 10588 --- [product-service] [main] o.hibernate.jpa.internal.util.LogHelper  : HHH000204: Processing PersistenceUnitInfo [name: default]
2025-05-04T10:02:43.119+05:30  INFO 10588 --- [product-service] [main] org.hibernate.Version                    : HHH000412: Hibernate ORM core version 6.6.13.Final
2025-05-04T10:02:43.152+05:30  INFO 10588 --- [product-service] [main] o.h.c.internal.RegionFactoryInitiator    : HHH000026: Second-level cache disabled
2025-05-04T10:02:43.465+05:30  INFO 10588 --- [product-service] [main] o.s.o.j.p.SpringPersistenceUnitInfo      : No LoadTimeWeaver setup: ignoring JPA class transformer
2025-05-04T10:02:43.497+05:30  INFO 10588 --- [product-service] [main] com.zaxxer.hikari.HikariDataSource       : HikariPool-1 - Starting...
2025-05-04T10:02:43.687+05:30  INFO 10588 --- [product-service] [main] com.zaxxer.hikari.pool.HikariPool        : HikariPool-1 - Added connection org.postgresql.jdbc.PgConnection@71039ce1
2025-05-04T10:02:43.689+05:30  INFO 10588 --- [product-service] [main] com.zaxxer.hikari.HikariDataSource       : HikariPool-1 - Start completed.
2025-05-04T10:02:43.741+05:30  WARN 10588 --- [product-service] [main] org.hibernate.orm.deprecation            : HHH90000025: PostgreSQLDialect does not need to be specified explicitly using 'hibernate.dialect' (remove the property setting and it will be selected by default)
2025-05-04T10:02:43.763+05:30  INFO 10588 --- [product-service] [main] org.hibernate.orm.connections.pooling    : HHH10001005: Database info:
	Database JDBC URL [Connecting through datasource 'HikariDataSource (HikariPool-1)']
	Database driver: undefined/unknown
	Database version: 16.3
	Autocommit mode: undefined/unknown
	Isolation level: undefined/unknown
	Minimum pool size: undefined/unknown
	Maximum pool size: undefined/unknown
2025-05-04T10:02:44.565+05:30  INFO 10588 --- [product-service] [main] o.h.e.t.j.p.i.JtaPlatformInitiator       : HHH000489: No JTA platform available (set 'hibernate.transaction.jta.platform' to enable JTA platform integration)
2025-05-04T10:02:44.633+05:30  INFO 10588 --- [product-service] [main] j.LocalContainerEntityManagerFactoryBean : Initialized JPA EntityManagerFactory for persistence unit 'default'
2025-05-04T10:02:44.924+05:30  WARN 10588 --- [product-service] [main] JpaBaseConfiguration$JpaWebConfiguration : spring.jpa.open-in-view is enabled by default. Therefore, database queries may be performed during view rendering. Explicitly configure spring.jpa.open-in-view to disable this warning
2025-05-04T10:02:44.941+05:30  WARN 10588 --- [product-service] [main] .s.s.UserDetailsServiceAutoConfiguration : 

Using generated security password: 376f1aae-c0d0-4778-b36e-035236f450fc

This generated password is for development use only. Your security configuration must be updated before running your application in production.

2025-05-04T10:02:44.955+05:30  INFO 10588 --- [product-service] [main] r$InitializeUserDetailsManagerConfigurer : Global AuthenticationManager configured with UserDetailsService bean with name inMemoryUserDetailsManager
2025-05-04T10:02:45.304+05:30  WARN 10588 --- [product-service] [main] ion$DefaultTemplateResolverConfiguration : Cannot find template location: classpath:/templates/ (please add some templates, check your Thymeleaf configuration, or set spring.thymeleaf.check-template-location=false)
2025-05-04T10:02:45.435+05:30  INFO 10588 --- [product-service] [main] o.s.b.w.embedded.tomcat.TomcatWebServer  : Tomcat started on port 8080 (http) with context path '/'
2025-05-04T10:02:45.443+05:30  INFO 10588 --- [product-service] [main] c.s.p.ProductServiceApplication          : Started ProductServiceApplication in 4.444 seconds (process running for 5.244)
2025-05-04T10:02:49.232+05:30  INFO 10588 --- [product-service] [http-nio-8080-exec-1] o.a.c.c.C.[Tomcat].[localhost].[/]       : Initializing Spring DispatcherServlet 'dispatcherServlet'
2025-05-04T10:02:49.233+05:30  INFO 10588 --- [product-service] [http-nio-8080-exec-1] o.s.web.servlet.DispatcherServlet        : Initializing Servlet 'dispatcherServlet'
2025-05-04T10:02:49.234+05:30  INFO 10588 --- [product-service] [http-nio-8080-exec-1] o.s.web.servlet.DispatcherServlet        : Completed initialization in 1 ms
2025-05-04T10:02:49.269+05:30  INFO 10588 --- [product-service] [http-nio-8080-exec-1] c.s.p.service.Impl.ProductServiceImpl    : Fetching all products
2025-05-04T10:02:49.496+05:30 ERROR 10588 --- [product-service] [http-nio-8080-exec-1] c.s.p.exception.GlobalExceptionHandler   : Exception: Type definition error: [simple type, class com.summit.product_service.dto.ProductDTO]
2025-05-04T10:02:49.500+05:30  WARN 10588 --- [product-service] [http-nio-8080-exec-1] .m.m.a.ExceptionHandlerExceptionResolver : Failure in @ExceptionHandler com.summit.product_service.exception.GlobalExceptionHandler#handleGlobalException(Exception, WebRequest)

org.springframework.http.converter.HttpMessageNotWritableException: No converter for [class com.summit.product_service.exception.APIResponse] with preset Content-Type 'application/json'
	at org.springframework.web.servlet.mvc.method.annotation.AbstractMessageConverterMethodProcessor.writeWithMessageConverters(AbstractMessageConverterMethodProcessor.java:365) ~[spring-webmvc-6.2.6.jar:6.2.6]
	at org.springframework.web.servlet.mvc.method.annotation.HttpEntityMethodProcessor.handleReturnValue(HttpEntityMethodProcessor.java:263) ~[spring-webmvc-6.2.6.jar:6.2.6]
	at org.springframework.web.method.support.HandlerMethodReturnValueHandlerComposite.handleReturnValue(HandlerMethodReturnValueHandlerComposite.java:78) ~[spring-web-6.2.6.jar:6.2.6]
	at org.springframework.web.servlet.mvc.method.annotation.ServletInvocableHandlerMethod.invokeAndHandle(ServletInvocableHandlerMethod.java:136) ~[spring-webmvc-6.2.6.jar:6.2.6]
	at org.springframework.web.servlet.mvc.method.annotation.ExceptionHandlerExceptionResolver.doResolveHandlerMethodException(ExceptionHandlerExceptionResolver.java:471) ~[spring-webmvc-6.2.6.jar:6.2.6]
	at org.springframework.web.servlet.handler.AbstractHandlerMethodExceptionResolver.doResolveException(AbstractHandlerMethodExceptionResolver.java:73) ~[spring-webmvc-6.2.6.jar:6.2.6]
	at org.springframework.web.servlet.handler.AbstractHandlerExceptionResolver.resolveException(AbstractHandlerExceptionResolver.java:182) ~[spring-webmvc-6.2.6.jar:6.2.6]
	at org.springframework.web.servlet.handler.HandlerExceptionResolverComposite.resolveException(HandlerExceptionResolverComposite.java:80) ~[spring-webmvc-6.2.6.jar:6.2.6]
	at org.springframework.web.servlet.DispatcherServlet.processHandlerException(DispatcherServlet.java:1359) ~[spring-webmvc-6.2.6.jar:6.2.6]
	at org.springframework.web.servlet.DispatcherServlet.processDispatchResult(DispatcherServlet.java:1161) ~[spring-webmvc-6.2.6.jar:6.2.6]
	at org.springframework.web.servlet.DispatcherServlet.doDispatch(DispatcherServlet.java:1106) ~[spring-webmvc-6.2.6.jar:6.2.6]
	at org.springframework.web.servlet.DispatcherServlet.doService(DispatcherServlet.java:979) ~[spring-webmvc-6.2.6.jar:6.2.6]
	at org.springframework.web.servlet.FrameworkServlet.processRequest(FrameworkServlet.java:1014) ~[spring-webmvc-6.2.6.jar:6.2.6]
	at org.springframework.web.servlet.FrameworkServlet.doGet(FrameworkServlet.java:903) ~[spring-webmvc-6.2.6.jar:6.2.6]
	at jakarta.servlet.http.HttpServlet.service(HttpServlet.java:564) ~[tomcat-embed-core-10.1.40.jar:6.0]
	at org.springframework.web.servlet.FrameworkServlet.service(FrameworkServlet.java:885) ~[spring-webmvc-6.2.6.jar:6.2.6]
	at jakarta.servlet.http.HttpServlet.service(HttpServlet.java:658) ~[tomcat-embed-core-10.1.40.jar:6.0]
	at org.apache.catalina.core.ApplicationFilterChain.internalDoFilter(ApplicationFilterChain.java:195) ~[tomcat-embed-core-10.1.40.jar:10.1.40]
	at org.apache.catalina.core.ApplicationFilterChain.doFilter(ApplicationFilterChain.java:140) ~[tomcat-embed-core-10.1.40.jar:10.1.40]
	at org.apache.tomcat.websocket.server.WsFilter.doFilter(WsFilter.java:51) ~[tomcat-embed-websocket-10.1.40.jar:10.1.40]
	at org.apache.catalina.core.ApplicationFilterChain.internalDoFilter(ApplicationFilterChain.java:164) ~[tomcat-embed-core-10.1.40.jar:10.1.40]
	at org.apache.catalina.core.ApplicationFilterChain.doFilter(ApplicationFilterChain.java:140) ~[tomcat-embed-core-10.1.40.jar:10.1.40]
	at org.springframework.web.filter.CompositeFilter$VirtualFilterChain.doFilter(CompositeFilter.java:108) ~[spring-web-6.2.6.jar:6.2.6]
	at org.springframework.security.web.FilterChainProxy.lambda$doFilterInternal$3(FilterChainProxy.java:231) ~[spring-security-web-6.4.5.jar:6.4.5]
	at org.springframework.security.web.FilterChainProxy$VirtualFilterChain.doFilter(FilterChainProxy.java:365) ~[spring-security-web-6.4.5.jar:6.4.5]
	at org.springframework.security.web.access.intercept.AuthorizationFilter.doFilter(AuthorizationFilter.java:101) ~[spring-security-web-6.4.5.jar:6.4.5]
	at org.springframework.security.web.FilterChainProxy$VirtualFilterChain.doFilter(FilterChainProxy.java:374) ~[spring-security-web-6.4.5.jar:6.4.5]
	at org.springframework.security.web.access.ExceptionTranslationFilter.doFilter(ExceptionTranslationFilter.java:126) ~[spring-security-web-6.4.5.jar:6.4.5]
	at org.springframework.security.web.access.ExceptionTranslationFilter.doFilter(ExceptionTranslationFilter.java:120) ~[spring-security-web-6.4.5.jar:6.4.5]
	at org.springframework.security.web.FilterChainProxy$VirtualFilterChain.doFilter(FilterChainProxy.java:374) ~[spring-security-web-6.4.5.jar:6.4.5]
	at org.springframework.security.web.authentication.AnonymousAuthenticationFilter.doFilter(AnonymousAuthenticationFilter.java:100) ~[spring-security-web-6.4.5.jar:6.4.5]
	at org.springframework.security.web.FilterChainProxy$VirtualFilterChain.doFilter(FilterChainProxy.java:374) ~[spring-security-web-6.4.5.jar:6.4.5]
	at org.springframework.security.web.servletapi.SecurityContextHolderAwareRequestFilter.doFilter(SecurityContextHolderAwareRequestFilter.java:179) ~[spring-security-web-6.4.5.jar:6.4.5]
	at org.springframework.security.web.FilterChainProxy$VirtualFilterChain.doFilter(FilterChainProxy.java:374) ~[spring-security-web-6.4.5.jar:6.4.5]
	at org.springframework.security.web.savedrequest.RequestCacheAwareFilter.doFilter(RequestCacheAwareFilter.java:63) ~[spring-security-web-6.4.5.jar:6.4.5]
	at org.springframework.security.web.FilterChainProxy$VirtualFilterChain.doFilter(FilterChainProxy.java:374) ~[spring-security-web-6.4.5.jar:6.4.5]
	at org.springframework.security.web.authentication.www.BasicAuthenticationFilter.doFilterInternal(BasicAuthenticationFilter.java:181) ~[spring-security-web-6.4.5.jar:6.4.5]
	at org.springframework.web.filter.OncePerRequestFilter.doFilter(OncePerRequestFilter.java:116) ~[spring-web-6.2.6.jar:6.2.6]
	at org.springframework.security.web.FilterChainProxy$VirtualFilterChain.doFilter(FilterChainProxy.java:374) ~[spring-security-web-6.4.5.jar:6.4.5]
	at org.springframework.security.web.authentication.logout.LogoutFilter.doFilter(LogoutFilter.java:107) ~[spring-security-web-6.4.5.jar:6.4.5]
	at org.springframework.security.web.authentication.logout.LogoutFilter.doFilter(LogoutFilter.java:93) ~[spring-security-web-6.4.5.jar:6.4.5]
	at org.springframework.security.web.FilterChainProxy$VirtualFilterChain.doFilter(FilterChainProxy.java:374) ~[spring-security-web-6.4.5.jar:6.4.5]
	at org.springframework.security.web.header.HeaderWriterFilter.doHeadersAfter(HeaderWriterFilter.java:90) ~[spring-security-web-6.4.5.jar:6.4.5]
	at org.springframework.security.web.header.HeaderWriterFilter.doFilterInternal(HeaderWriterFilter.java:75) ~[spring-security-web-6.4.5.jar:6.4.5]
	at org.springframework.web.filter.OncePerRequestFilter.doFilter(OncePerRequestFilter.java:116) ~[spring-web-6.2.6.jar:6.2.6]
	at org.springframework.security.web.FilterChainProxy$VirtualFilterChain.doFilter(FilterChainProxy.java:374) ~[spring-security-web-6.4.5.jar:6.4.5]
	at org.springframework.security.web.context.SecurityContextHolderFilter.doFilter(SecurityContextHolderFilter.java:82) ~[spring-security-web-6.4.5.jar:6.4.5]
	at org.springframework.security.web.context.SecurityContextHolderFilter.doFilter(SecurityContextHolderFilter.java:69) ~[spring-security-web-6.4.5.jar:6.4.5]
	at org.springframework.security.web.FilterChainProxy$VirtualFilterChain.doFilter(FilterChainProxy.java:374) ~[spring-security-web-6.4.5.jar:6.4.5]
	at org.springframework.security.web.context.request.async.WebAsyncManagerIntegrationFilter.doFilterInternal(WebAsyncManagerIntegrationFilter.java:62) ~[spring-security-web-6.4.5.jar:6.4.5]
	at org.springframework.web.filter.OncePerRequestFilter.doFilter(OncePerRequestFilter.java:116) ~[spring-web-6.2.6.jar:6.2.6]
	at org.springframework.security.web.FilterChainProxy$VirtualFilterChain.doFilter(FilterChainProxy.java:374) ~[spring-security-web-6.4.5.jar:6.4.5]
	at org.springframework.security.web.session.DisableEncodeUrlFilter.doFilterInternal(DisableEncodeUrlFilter.java:42) ~[spring-security-web-6.4.5.jar:6.4.5]
	at org.springframework.web.filter.OncePerRequestFilter.doFilter(OncePerRequestFilter.java:116) ~[spring-web-6.2.6.jar:6.2.6]
	at org.springframework.security.web.FilterChainProxy$VirtualFilterChain.doFilter(FilterChainProxy.java:374) ~[spring-security-web-6.4.5.jar:6.4.5]
	at org.springframework.security.web.FilterChainProxy.doFilterInternal(FilterChainProxy.java:233) ~[spring-security-web-6.4.5.jar:6.4.5]
	at org.springframework.security.web.FilterChainProxy.doFilter(FilterChainProxy.java:191) ~[spring-security-web-6.4.5.jar:6.4.5]
	at org.springframework.web.filter.CompositeFilter$VirtualFilterChain.doFilter(CompositeFilter.java:113) ~[spring-web-6.2.6.jar:6.2.6]
	at org.springframework.web.servlet.handler.HandlerMappingIntrospector.lambda$createCacheFilter$3(HandlerMappingIntrospector.java:243) ~[spring-webmvc-6.2.6.jar:6.2.6]
	at org.springframework.web.filter.CompositeFilter$VirtualFilterChain.doFilter(CompositeFilter.java:113) ~[spring-web-6.2.6.jar:6.2.6]
	at org.springframework.web.filter.CompositeFilter.doFilter(CompositeFilter.java:74) ~[spring-web-6.2.6.jar:6.2.6]
	at org.springframework.security.config.annotation.web.configuration.WebMvcSecurityConfiguration$CompositeFilterChainProxy.doFilter(WebMvcSecurityConfiguration.java:238) ~[spring-security-config-6.4.5.jar:6.4.5]
	at org.springframework.web.filter.DelegatingFilterProxy.invokeDelegate(DelegatingFilterProxy.java:362) ~[spring-web-6.2.6.jar:6.2.6]
	at org.springframework.web.filter.DelegatingFilterProxy.doFilter(DelegatingFilterProxy.java:278) ~[spring-web-6.2.6.jar:6.2.6]
	at org.apache.catalina.core.ApplicationFilterChain.internalDoFilter(ApplicationFilterChain.java:164) ~[tomcat-embed-core-10.1.40.jar:10.1.40]
	at org.apache.catalina.core.ApplicationFilterChain.doFilter(ApplicationFilterChain.java:140) ~[tomcat-embed-core-10.1.40.jar:10.1.40]
	at org.springframework.web.filter.RequestContextFilter.doFilterInternal(RequestContextFilter.java:100) ~[spring-web-6.2.6.jar:6.2.6]
	at org.springframework.web.filter.OncePerRequestFilter.doFilter(OncePerRequestFilter.java:116) ~[spring-web-6.2.6.jar:6.2.6]
	at org.apache.catalina.core.ApplicationFilterChain.internalDoFilter(ApplicationFilterChain.java:164) ~[tomcat-embed-core-10.1.40.jar:10.1.40]
	at org.apache.catalina.core.ApplicationFilterChain.doFilter(ApplicationFilterChain.java:140) ~[tomcat-embed-core-10.1.40.jar:10.1.40]
	at org.springframework.web.filter.FormContentFilter.doFilterInternal(FormContentFilter.java:93) ~[spring-web-6.2.6.jar:6.2.6]
	at org.springframework.web.filter.OncePerRequestFilter.doFilter(OncePerRequestFilter.java:116) ~[spring-web-6.2.6.jar:6.2.6]
	at org.apache.catalina.core.ApplicationFilterChain.internalDoFilter(ApplicationFilterChain.java:164) ~[tomcat-embed-core-10.1.40.jar:10.1.40]
	at org.apache.catalina.core.ApplicationFilterChain.doFilter(ApplicationFilterChain.java:140) ~[tomcat-embed-core-10.1.40.jar:10.1.40]
	at org.springframework.web.filter.CharacterEncodingFilter.doFilterInternal(CharacterEncodingFilter.java:201) ~[spring-web-6.2.6.jar:6.2.6]
	at org.springframework.web.filter.OncePerRequestFilter.doFilter(OncePerRequestFilter.java:116) ~[spring-web-6.2.6.jar:6.2.6]
	at org.apache.catalina.core.ApplicationFilterChain.internalDoFilter(ApplicationFilterChain.java:164) ~[tomcat-embed-core-10.1.40.jar:10.1.40]
	at org.apache.catalina.core.ApplicationFilterChain.doFilter(ApplicationFilterChain.java:140) ~[tomcat-embed-core-10.1.40.jar:10.1.40]
	at org.apache.catalina.core.StandardWrapperValve.invoke(StandardWrapperValve.java:167) ~[tomcat-embed-core-10.1.40.jar:10.1.40]
	at org.apache.catalina.core.StandardContextValve.invoke(StandardContextValve.java:90) ~[tomcat-embed-core-10.1.40.jar:10.1.40]
	at org.apache.catalina.authenticator.AuthenticatorBase.invoke(AuthenticatorBase.java:483) ~[tomcat-embed-core-10.1.40.jar:10.1.40]
	at org.apache.catalina.core.StandardHostValve.invoke(StandardHostValve.java:116) ~[tomcat-embed-core-10.1.40.jar:10.1.40]
	at org.apache.catalina.valves.ErrorReportValve.invoke(ErrorReportValve.java:93) ~[tomcat-embed-core-10.1.40.jar:10.1.40]
	at org.apache.catalina.core.StandardEngineValve.invoke(StandardEngineValve.java:74) ~[tomcat-embed-core-10.1.40.jar:10.1.40]
	at org.apache.catalina.connector.CoyoteAdapter.service(CoyoteAdapter.java:344) ~[tomcat-embed-core-10.1.40.jar:10.1.40]
	at org.apache.coyote.http11.Http11Processor.service(Http11Processor.java:398) ~[tomcat-embed-core-10.1.40.jar:10.1.40]
	at org.apache.coyote.AbstractProcessorLight.process(AbstractProcessorLight.java:63) ~[tomcat-embed-core-10.1.40.jar:10.1.40]
	at org.apache.coyote.AbstractProtocol$ConnectionHandler.process(AbstractProtocol.java:903) ~[tomcat-embed-core-10.1.40.jar:10.1.40]
	at org.apache.tomcat.util.net.NioEndpoint$SocketProcessor.doRun(NioEndpoint.java:1740) ~[tomcat-embed-core-10.1.40.jar:10.1.40]
	at org.apache.tomcat.util.net.SocketProcessorBase.run(SocketProcessorBase.java:52) ~[tomcat-embed-core-10.1.40.jar:10.1.40]
	at org.apache.tomcat.util.threads.ThreadPoolExecutor.runWorker(ThreadPoolExecutor.java:1189) ~[tomcat-embed-core-10.1.40.jar:10.1.40]
	at org.apache.tomcat.util.threads.ThreadPoolExecutor$Worker.run(ThreadPoolExecutor.java:658) ~[tomcat-embed-core-10.1.40.jar:10.1.40]
	at org.apache.tomcat.util.threads.TaskThread$WrappingRunnable.run(TaskThread.java:63) ~[tomcat-embed-core-10.1.40.jar:10.1.40]
	at java.base/java.lang.Thread.run(Thread.java:1575) ~[na:na]

2025-05-04T10:02:49.508+05:30 ERROR 10588 --- [product-service] [http-nio-8080-exec-1] o.a.c.c.C.[.[.[/].[dispatcherServlet]    : Servlet.service() for servlet [dispatcherServlet] in context with path [] threw exception [Request processing failed: org.springframework.http.converter.HttpMessageConversionException: Type definition error: [simple type, class com.summit.product_service.dto.ProductDTO]] with root cause

com.fasterxml.jackson.databind.exc.InvalidDefinitionException: No serializer found for class com.summit.product_service.dto.ProductDTO and no properties discovered to create BeanSerializer (to avoid exception, disable SerializationFeature.FAIL_ON_EMPTY_BEANS) (through reference chain: java.util.ArrayList[0])
	at com.fasterxml.jackson.databind.exc.InvalidDefinitionException.from(InvalidDefinitionException.java:77) ~[jackson-databind-2.18.3.jar:2.18.3]
	at com.fasterxml.jackson.databind.SerializerProvider.reportBadDefinition(SerializerProvider.java:1340) ~[jackson-databind-2.18.3.jar:2.18.3]
	at com.fasterxml.jackson.databind.DatabindContext.reportBadDefinition(DatabindContext.java:414) ~[jackson-databind-2.18.3.jar:2.18.3]
	at com.fasterxml.jackson.databind.ser.impl.UnknownSerializer.failForEmpty(UnknownSerializer.java:53) ~[jackson-databind-2.18.3.jar:2.18.3]
	at com.fasterxml.jackson.databind.ser.impl.UnknownSerializer.serialize(UnknownSerializer.java:30) ~[jackson-databind-2.18.3.jar:2.18.3]
	at com.fasterxml.jackson.databind.ser.std.CollectionSerializer.serializeContents(CollectionSerializer.java:145) ~[jackson-databind-2.18.3.jar:2.18.3]
	at com.fasterxml.jackson.databind.ser.std.CollectionSerializer.serialize(CollectionSerializer.java:107) ~[jackson-databind-2.18.3.jar:2.18.3]
	at com.fasterxml.jackson.databind.ser.std.CollectionSerializer.serialize(CollectionSerializer.java:25) ~[jackson-databind-2.18.3.jar:2.18.3]
	at com.fasterxml.jackson.databind.ser.DefaultSerializerProvider._serialize(DefaultSerializerProvider.java:502) ~[jackson-databind-2.18.3.jar:2.18.3]
	at com.fasterxml.jackson.databind.ser.DefaultSerializerProvider.serializeValue(DefaultSerializerProvider.java:422) ~[jackson-databind-2.18.3.jar:2.18.3]
	at com.fasterxml.jackson.databind.ObjectWriter$Prefetch.serialize(ObjectWriter.java:1583) ~[jackson-databind-2.18.3.jar:2.18.3]
	at com.fasterxml.jackson.databind.ObjectWriter.writeValue(ObjectWriter.java:1061) ~[jackson-databind-2.18.3.jar:2.18.3]
	at org.springframework.http.converter.json.AbstractJackson2HttpMessageConverter.writeInternal(AbstractJackson2HttpMessageConverter.java:486) ~[spring-web-6.2.6.jar:6.2.6]
	at org.springframework.http.converter.AbstractGenericHttpMessageConverter.write(AbstractGenericHttpMessageConverter.java:126) ~[spring-web-6.2.6.jar:6.2.6]
	at org.springframework.web.servlet.mvc.method.annotation.AbstractMessageConverterMethodProcessor.writeWithMessageConverters(AbstractMessageConverterMethodProcessor.java:345) ~[spring-webmvc-6.2.6.jar:6.2.6]
	at org.springframework.web.servlet.mvc.method.annotation.HttpEntityMethodProcessor.handleReturnValue(HttpEntityMethodProcessor.java:263) ~[spring-webmvc-6.2.6.jar:6.2.6]
	at org.springframework.web.method.support.HandlerMethodReturnValueHandlerComposite.handleReturnValue(HandlerMethodReturnValueHandlerComposite.java:78) ~[spring-web-6.2.6.jar:6.2.6]
	at org.springframework.web.servlet.mvc.method.annotation.ServletInvocableHandlerMethod.invokeAndHandle(ServletInvocableHandlerMethod.java:136) ~[spring-webmvc-6.2.6.jar:6.2.6]
	at org.springframework.web.servlet.mvc.method.annotation.RequestMappingHandlerAdapter.invokeHandlerMethod(RequestMappingHandlerAdapter.java:986) ~[spring-webmvc-6.2.6.jar:6.2.6]
	at org.springframework.web.servlet.mvc.method.annotation.RequestMappingHandlerAdapter.handleInternal(RequestMappingHandlerAdapter.java:891) ~[spring-webmvc-6.2.6.jar:6.2.6]
	at org.springframework.web.servlet.mvc.method.AbstractHandlerMethodAdapter.handle(AbstractHandlerMethodAdapter.java:87) ~[spring-webmvc-6.2.6.jar:6.2.6]
	at org.springframework.web.servlet.DispatcherServlet.doDispatch(DispatcherServlet.java:1089) ~[spring-webmvc-6.2.6.jar:6.2.6]
	at org.springframework.web.servlet.DispatcherServlet.doService(DispatcherServlet.java:979) ~[spring-webmvc-6.2.6.jar:6.2.6]
	at org.springframework.web.servlet.FrameworkServlet.processRequest(FrameworkServlet.java:1014) ~[spring-webmvc-6.2.6.jar:6.2.6]
	at org.springframework.web.servlet.FrameworkServlet.doGet(FrameworkServlet.java:903) ~[spring-webmvc-6.2.6.jar:6.2.6]
	at jakarta.servlet.http.HttpServlet.service(HttpServlet.java:564) ~[tomcat-embed-core-10.1.40.jar:6.0]
	at org.springframework.web.servlet.FrameworkServlet.service(FrameworkServlet.java:885) ~[spring-webmvc-6.2.6.jar:6.2.6]
	at jakarta.servlet.http.HttpServlet.service(HttpServlet.java:658) ~[tomcat-embed-core-10.1.40.jar:6.0]
	at org.apache.catalina.core.ApplicationFilterChain.internalDoFilter(ApplicationFilterChain.java:195) ~[tomcat-embed-core-10.1.40.jar:10.1.40]
	at org.apache.catalina.core.ApplicationFilterChain.doFilter(ApplicationFilterChain.java:140) ~[tomcat-embed-core-10.1.40.jar:10.1.40]
	at org.apache.tomcat.websocket.server.WsFilter.doFilter(WsFilter.java:51) ~[tomcat-embed-websocket-10.1.40.jar:10.1.40]
	at org.apache.catalina.core.ApplicationFilterChain.internalDoFilter(ApplicationFilterChain.java:164) ~[tomcat-embed-core-10.1.40.jar:10.1.40]
	at org.apache.catalina.core.ApplicationFilterChain.doFilter(ApplicationFilterChain.java:140) ~[tomcat-embed-core-10.1.40.jar:10.1.40]
	at org.springframework.web.filter.CompositeFilter$VirtualFilterChain.doFilter(CompositeFilter.java:108) ~[spring-web-6.2.6.jar:6.2.6]
	at org.springframework.security.web.FilterChainProxy.lambda$doFilterInternal$3(FilterChainProxy.java:231) ~[spring-security-web-6.4.5.jar:6.4.5]
	at org.springframework.security.web.FilterChainProxy$VirtualFilterChain.doFilter(FilterChainProxy.java:365) ~[spring-security-web-6.4.5.jar:6.4.5]
	at org.springframework.security.web.access.intercept.AuthorizationFilter.doFilter(AuthorizationFilter.java:101) ~[spring-security-web-6.4.5.jar:6.4.5]
	at org.springframework.security.web.FilterChainProxy$VirtualFilterChain.doFilter(FilterChainProxy.java:374) ~[spring-security-web-6.4.5.jar:6.4.5]
	at org.springframework.security.web.access.ExceptionTranslationFilter.doFilter(ExceptionTranslationFilter.java:126) ~[spring-security-web-6.4.5.jar:6.4.5]
	at org.springframework.security.web.access.ExceptionTranslationFilter.doFilter(ExceptionTranslationFilter.java:120) ~[spring-security-web-6.4.5.jar:6.4.5]
	at org.springframework.security.web.FilterChainProxy$VirtualFilterChain.doFilter(FilterChainProxy.java:374) ~[spring-security-web-6.4.5.jar:6.4.5]
	at org.springframework.security.web.authentication.AnonymousAuthenticationFilter.doFilter(AnonymousAuthenticationFilter.java:100) ~[spring-security-web-6.4.5.jar:6.4.5]
	at org.springframework.security.web.FilterChainProxy$VirtualFilterChain.doFilter(FilterChainProxy.java:374) ~[spring-security-web-6.4.5.jar:6.4.5]
	at org.springframework.security.web.servletapi.SecurityContextHolderAwareRequestFilter.doFilter(SecurityContextHolderAwareRequestFilter.java:179) ~[spring-security-web-6.4.5.jar:6.4.5]
	at org.springframework.security.web.FilterChainProxy$VirtualFilterChain.doFilter(FilterChainProxy.java:374) ~[spring-security-web-6.4.5.jar:6.4.5]
	at org.springframework.security.web.savedrequest.RequestCacheAwareFilter.doFilter(RequestCacheAwareFilter.java:63) ~[spring-security-web-6.4.5.jar:6.4.5]
	at org.springframework.security.web.FilterChainProxy$VirtualFilterChain.doFilter(FilterChainProxy.java:374) ~[spring-security-web-6.4.5.jar:6.4.5]
	at org.springframework.security.web.authentication.www.BasicAuthenticationFilter.doFilterInternal(BasicAuthenticationFilter.java:181) ~[spring-security-web-6.4.5.jar:6.4.5]
	at org.springframework.web.filter.OncePerRequestFilter.doFilter(OncePerRequestFilter.java:116) ~[spring-web-6.2.6.jar:6.2.6]
	at org.springframework.security.web.FilterChainProxy$VirtualFilterChain.doFilter(FilterChainProxy.java:374) ~[spring-security-web-6.4.5.jar:6.4.5]
	at org.springframework.security.web.authentication.logout.LogoutFilter.doFilter(LogoutFilter.java:107) ~[spring-security-web-6.4.5.jar:6.4.5]
	at org.springframework.security.web.authentication.logout.LogoutFilter.doFilter(LogoutFilter.java:93) ~[spring-security-web-6.4.5.jar:6.4.5]
	at org.springframework.security.web.FilterChainProxy$VirtualFilterChain.doFilter(FilterChainProxy.java:374) ~[spring-security-web-6.4.5.jar:6.4.5]
	at org.springframework.security.web.header.HeaderWriterFilter.doHeadersAfter(HeaderWriterFilter.java:90) ~[spring-security-web-6.4.5.jar:6.4.5]
	at org.springframework.security.web.header.HeaderWriterFilter.doFilterInternal(HeaderWriterFilter.java:75) ~[spring-security-web-6.4.5.jar:6.4.5]
	at org.springframework.web.filter.OncePerRequestFilter.doFilter(OncePerRequestFilter.java:116) ~[spring-web-6.2.6.jar:6.2.6]
	at org.springframework.security.web.FilterChainProxy$VirtualFilterChain.doFilter(FilterChainProxy.java:374) ~[spring-security-web-6.4.5.jar:6.4.5]
	at org.springframework.security.web.context.SecurityContextHolderFilter.doFilter(SecurityContextHolderFilter.java:82) ~[spring-security-web-6.4.5.jar:6.4.5]
	at org.springframework.security.web.context.SecurityContextHolderFilter.doFilter(SecurityContextHolderFilter.java:69) ~[spring-security-web-6.4.5.jar:6.4.5]
	at org.springframework.security.web.FilterChainProxy$VirtualFilterChain.doFilter(FilterChainProxy.java:374) ~[spring-security-web-6.4.5.jar:6.4.5]
	at org.springframework.security.web.context.request.async.WebAsyncManagerIntegrationFilter.doFilterInternal(WebAsyncManagerIntegrationFilter.java:62) ~[spring-security-web-6.4.5.jar:6.4.5]
	at org.springframework.web.filter.OncePerRequestFilter.doFilter(OncePerRequestFilter.java:116) ~[spring-web-6.2.6.jar:6.2.6]
	at org.springframework.security.web.FilterChainProxy$VirtualFilterChain.doFilter(FilterChainProxy.java:374) ~[spring-security-web-6.4.5.jar:6.4.5]
	at org.springframework.security.web.session.DisableEncodeUrlFilter.doFilterInternal(DisableEncodeUrlFilter.java:42) ~[spring-security-web-6.4.5.jar:6.4.5]
	at org.springframework.web.filter.OncePerRequestFilter.doFilter(OncePerRequestFilter.java:116) ~[spring-web-6.2.6.jar:6.2.6]
	at org.springframework.security.web.FilterChainProxy$VirtualFilterChain.doFilter(FilterChainProxy.java:374) ~[spring-security-web-6.4.5.jar:6.4.5]
	at org.springframework.security.web.FilterChainProxy.doFilterInternal(FilterChainProxy.java:233) ~[spring-security-web-6.4.5.jar:6.4.5]
	at org.springframework.security.web.FilterChainProxy.doFilter(FilterChainProxy.java:191) ~[spring-security-web-6.4.5.jar:6.4.5]
	at org.springframework.web.filter.CompositeFilter$VirtualFilterChain.doFilter(CompositeFilter.java:113) ~[spring-web-6.2.6.jar:6.2.6]
	at org.springframework.web.servlet.handler.HandlerMappingIntrospector.lambda$createCacheFilter$3(HandlerMappingIntrospector.java:243) ~[spring-webmvc-6.2.6.jar:6.2.6]
	at org.springframework.web.filter.CompositeFilter$VirtualFilterChain.doFilter(CompositeFilter.java:113) ~[spring-web-6.2.6.jar:6.2.6]
	at org.springframework.web.filter.CompositeFilter.doFilter(CompositeFilter.java:74) ~[spring-web-6.2.6.jar:6.2.6]
	at org.springframework.security.config.annotation.web.configuration.WebMvcSecurityConfiguration$CompositeFilterChainProxy.doFilter(WebMvcSecurityConfiguration.java:238) ~[spring-security-config-6.4.5.jar:6.4.5]
	at org.springframework.web.filter.DelegatingFilterProxy.invokeDelegate(DelegatingFilterProxy.java:362) ~[spring-web-6.2.6.jar:6.2.6]
	at org.springframework.web.filter.DelegatingFilterProxy.doFilter(DelegatingFilterProxy.java:278) ~[spring-web-6.2.6.jar:6.2.6]
	at org.apache.catalina.core.ApplicationFilterChain.internalDoFilter(ApplicationFilterChain.java:164) ~[tomcat-embed-core-10.1.40.jar:10.1.40]
	at org.apache.catalina.core.ApplicationFilterChain.doFilter(ApplicationFilterChain.java:140) ~[tomcat-embed-core-10.1.40.jar:10.1.40]
	at org.springframework.web.filter.RequestContextFilter.doFilterInternal(RequestContextFilter.java:100) ~[spring-web-6.2.6.jar:6.2.6]
	at org.springframework.web.filter.OncePerRequestFilter.doFilter(OncePerRequestFilter.java:116) ~[spring-web-6.2.6.jar:6.2.6]
	at org.apache.catalina.core.ApplicationFilterChain.internalDoFilter(ApplicationFilterChain.java:164) ~[tomcat-embed-core-10.1.40.jar:10.1.40]
	at org.apache.catalina.core.ApplicationFilterChain.doFilter(ApplicationFilterChain.java:140) ~[tomcat-embed-core-10.1.40.jar:10.1.40]
	at org.springframework.web.filter.FormContentFilter.doFilterInternal(FormContentFilter.java:93) ~[spring-web-6.2.6.jar:6.2.6]
	at org.springframework.web.filter.OncePerRequestFilter.doFilter(OncePerRequestFilter.java:116) ~[spring-web-6.2.6.jar:6.2.6]
	at org.apache.catalina.core.ApplicationFilterChain.internalDoFilter(ApplicationFilterChain.java:164) ~[tomcat-embed-core-10.1.40.jar:10.1.40]
	at org.apache.catalina.core.ApplicationFilterChain.doFilter(ApplicationFilterChain.java:140) ~[tomcat-embed-core-10.1.40.jar:10.1.40]
	at org.springframework.web.filter.CharacterEncodingFilter.doFilterInternal(CharacterEncodingFilter.java:201) ~[spring-web-6.2.6.jar:6.2.6]
	at org.springframework.web.filter.OncePerRequestFilter.doFilter(OncePerRequestFilter.java:116) ~[spring-web-6.2.6.jar:6.2.6]
	at org.apache.catalina.core.ApplicationFilterChain.internalDoFilter(ApplicationFilterChain.java:164) ~[tomcat-embed-core-10.1.40.jar:10.1.40]
	at org.apache.catalina.core.ApplicationFilterChain.doFilter(ApplicationFilterChain.java:140) ~[tomcat-embed-core-10.1.40.jar:10.1.40]
	at org.apache.catalina.core.StandardWrapperValve.invoke(StandardWrapperValve.java:167) ~[tomcat-embed-core-10.1.40.jar:10.1.40]
	at org.apache.catalina.core.StandardContextValve.invoke(StandardContextValve.java:90) ~[tomcat-embed-core-10.1.40.jar:10.1.40]
	at org.apache.catalina.authenticator.AuthenticatorBase.invoke(AuthenticatorBase.java:483) ~[tomcat-embed-core-10.1.40.jar:10.1.40]
	at org.apache.catalina.core.StandardHostValve.invoke(StandardHostValve.java:116) ~[tomcat-embed-core-10.1.40.jar:10.1.40]
	at org.apache.catalina.valves.ErrorReportValve.invoke(ErrorReportValve.java:93) ~[tomcat-embed-core-10.1.40.jar:10.1.40]
	at org.apache.catalina.core.StandardEngineValve.invoke(StandardEngineValve.java:74) ~[tomcat-embed-core-10.1.40.jar:10.1.40]
	at org.apache.catalina.connector.CoyoteAdapter.service(CoyoteAdapter.java:344) ~[tomcat-embed-core-10.1.40.jar:10.1.40]
	at org.apache.coyote.http11.Http11Processor.service(Http11Processor.java:398) ~[tomcat-embed-core-10.1.40.jar:10.1.40]
	at org.apache.coyote.AbstractProcessorLight.process(AbstractProcessorLight.java:63) ~[tomcat-embed-core-10.1.40.jar:10.1.40]
	at org.apache.coyote.AbstractProtocol$ConnectionHandler.process(AbstractProtocol.java:903) ~[tomcat-embed-core-10.1.40.jar:10.1.40]
	at org.apache.tomcat.util.net.NioEndpoint$SocketProcessor.doRun(NioEndpoint.java:1740) ~[tomcat-embed-core-10.1.40.jar:10.1.40]
	at org.apache.tomcat.util.net.SocketProcessorBase.run(SocketProcessorBase.java:52) ~[tomcat-embed-core-10.1.40.jar:10.1.40]
	at org.apache.tomcat.util.threads.ThreadPoolExecutor.runWorker(ThreadPoolExecutor.java:1189) ~[tomcat-embed-core-10.1.40.jar:10.1.40]
	at org.apache.tomcat.util.threads.ThreadPoolExecutor$Worker.run(ThreadPoolExecutor.java:658) ~[tomcat-embed-core-10.1.40.jar:10.1.40]
	at org.apache.tomcat.util.threads.TaskThread$WrappingRunnable.run(TaskThread.java:63) ~[tomcat-embed-core-10.1.40.jar:10.1.40]
	at java.base/java.lang.Thread.run(Thread.java:1575) ~[na:na]

2025-05-04T10:04:07.325+05:30  INFO 10588 --- [product-service] [http-nio-8080-exec-2] c.s.p.service.Impl.ProductServiceImpl    : Adding a new product
2025-05-04T10:04:43.051+05:30  INFO 10588 --- [product-service] [SpringApplicationShutdownHook] o.s.b.w.e.tomcat.GracefulShutdown        : Commencing graceful shutdown. Waiting for active requests to complete
2025-05-04T10:04:43.073+05:30  INFO 10588 --- [product-service] [tomcat-shutdown] o.s.b.w.e.tomcat.GracefulShutdown        : Graceful shutdown complete
2025-05-04T10:04:43.083+05:30  INFO 10588 --- [product-service] [SpringApplicationShutdownHook] j.LocalContainerEntityManagerFactoryBean : Closing JPA EntityManagerFactory for persistence unit 'default'
2025-05-04T10:04:43.095+05:30  INFO 10588 --- [product-service] [SpringApplicationShutdownHook] com.zaxxer.hikari.HikariDataSource       : HikariPool-1 - Shutdown initiated...
2025-05-04T10:04:43.102+05:30  INFO 10588 --- [product-service] [SpringApplicationShutdownHook] com.zaxxer.hikari.HikariDataSource       : HikariPool-1 - Shutdown completed.
2025-05-04T10:07:25.762+05:30  INFO 4920 --- [product-service] [main] c.s.p.ProductServiceApplication          : Starting ProductServiceApplication using Java 23.0.1 with PID 4920 (C:\Users\IPK Computer X\Documents\GitHub\product-service\target\classes started by IPK Computer X in C:\Users\IPK Computer X\Documents\GitHub\product-service)
2025-05-04T10:07:25.764+05:30  INFO 4920 --- [product-service] [main] c.s.p.ProductServiceApplication          : No active profile set, falling back to 1 default profile: "default"
2025-05-04T10:07:26.317+05:30  INFO 4920 --- [product-service] [main] .s.d.r.c.RepositoryConfigurationDelegate : Bootstrapping Spring Data JPA repositories in DEFAULT mode.
2025-05-04T10:07:26.370+05:30  INFO 4920 --- [product-service] [main] .s.d.r.c.RepositoryConfigurationDelegate : Finished Spring Data repository scanning in 45 ms. Found 1 JPA repository interface.
2025-05-04T10:07:27.032+05:30  INFO 4920 --- [product-service] [main] o.s.b.w.embedded.tomcat.TomcatWebServer  : Tomcat initialized with port 8080 (http)
2025-05-04T10:07:27.045+05:30  INFO 4920 --- [product-service] [main] o.apache.catalina.core.StandardService   : Starting service [Tomcat]
2025-05-04T10:07:27.045+05:30  INFO 4920 --- [product-service] [main] o.apache.catalina.core.StandardEngine    : Starting Servlet engine: [Apache Tomcat/10.1.40]
2025-05-04T10:07:27.096+05:30  INFO 4920 --- [product-service] [main] o.a.c.c.C.[Tomcat].[localhost].[/]       : Initializing Spring embedded WebApplicationContext
2025-05-04T10:07:27.096+05:30  INFO 4920 --- [product-service] [main] w.s.c.ServletWebServerApplicationContext : Root WebApplicationContext: initialization completed in 1274 ms
2025-05-04T10:07:27.260+05:30  INFO 4920 --- [product-service] [main] o.hibernate.jpa.internal.util.LogHelper  : HHH000204: Processing PersistenceUnitInfo [name: default]
2025-05-04T10:07:27.320+05:30  INFO 4920 --- [product-service] [main] org.hibernate.Version                    : HHH000412: Hibernate ORM core version 6.6.13.Final
2025-05-04T10:07:27.348+05:30  INFO 4920 --- [product-service] [main] o.h.c.internal.RegionFactoryInitiator    : HHH000026: Second-level cache disabled
2025-05-04T10:07:27.613+05:30  INFO 4920 --- [product-service] [main] o.s.o.j.p.SpringPersistenceUnitInfo      : No LoadTimeWeaver setup: ignoring JPA class transformer
2025-05-04T10:07:27.641+05:30  INFO 4920 --- [product-service] [main] com.zaxxer.hikari.HikariDataSource       : HikariPool-1 - Starting...
2025-05-04T10:07:27.799+05:30  INFO 4920 --- [product-service] [main] com.zaxxer.hikari.pool.HikariPool        : HikariPool-1 - Added connection org.postgresql.jdbc.PgConnection@531ec2ca
2025-05-04T10:07:27.801+05:30  INFO 4920 --- [product-service] [main] com.zaxxer.hikari.HikariDataSource       : HikariPool-1 - Start completed.
2025-05-04T10:07:27.850+05:30  WARN 4920 --- [product-service] [main] org.hibernate.orm.deprecation            : HHH90000025: PostgreSQLDialect does not need to be specified explicitly using 'hibernate.dialect' (remove the property setting and it will be selected by default)
2025-05-04T10:07:27.870+05:30  INFO 4920 --- [product-service] [main] org.hibernate.orm.connections.pooling    : HHH10001005: Database info:
	Database JDBC URL [Connecting through datasource 'HikariDataSource (HikariPool-1)']
	Database driver: undefined/unknown
	Database version: 16.3
	Autocommit mode: undefined/unknown
	Isolation level: undefined/unknown
	Minimum pool size: undefined/unknown
	Maximum pool size: undefined/unknown
2025-05-04T10:07:28.610+05:30  INFO 4920 --- [product-service] [main] o.h.e.t.j.p.i.JtaPlatformInitiator       : HHH000489: No JTA platform available (set 'hibernate.transaction.jta.platform' to enable JTA platform integration)
2025-05-04T10:07:28.684+05:30  INFO 4920 --- [product-service] [main] j.LocalContainerEntityManagerFactoryBean : Initialized JPA EntityManagerFactory for persistence unit 'default'
2025-05-04T10:07:28.994+05:30  WARN 4920 --- [product-service] [main] JpaBaseConfiguration$JpaWebConfiguration : spring.jpa.open-in-view is enabled by default. Therefore, database queries may be performed during view rendering. Explicitly configure spring.jpa.open-in-view to disable this warning
2025-05-04T10:07:29.239+05:30  WARN 4920 --- [product-service] [main] ion$DefaultTemplateResolverConfiguration : Cannot find template location: classpath:/templates/ (please add some templates, check your Thymeleaf configuration, or set spring.thymeleaf.check-template-location=false)
2025-05-04T10:07:29.342+05:30  WARN 4920 --- [product-service] [main] .s.s.UserDetailsServiceAutoConfiguration : 

Using generated security password: 6135b80e-e1c3-437d-ac95-0f4e57d8377c

This generated password is for development use only. Your security configuration must be updated before running your application in production.

2025-05-04T10:07:29.356+05:30  INFO 4920 --- [product-service] [main] r$InitializeUserDetailsManagerConfigurer : Global AuthenticationManager configured with UserDetailsService bean with name inMemoryUserDetailsManager
2025-05-04T10:07:29.531+05:30  INFO 4920 --- [product-service] [main] o.s.b.w.embedded.tomcat.TomcatWebServer  : Tomcat started on port 8080 (http) with context path '/'
2025-05-04T10:07:29.538+05:30  INFO 4920 --- [product-service] [main] c.s.p.ProductServiceApplication          : Started ProductServiceApplication in 4.248 seconds (process running for 4.938)
2025-05-04T10:09:50.387+05:30  INFO 4920 --- [product-service] [http-nio-8080-exec-1] o.a.c.c.C.[Tomcat].[localhost].[/]       : Initializing Spring DispatcherServlet 'dispatcherServlet'
2025-05-04T10:09:50.388+05:30  INFO 4920 --- [product-service] [http-nio-8080-exec-1] o.s.web.servlet.DispatcherServlet        : Initializing Servlet 'dispatcherServlet'
2025-05-04T10:09:50.390+05:30  INFO 4920 --- [product-service] [http-nio-8080-exec-1] o.s.web.servlet.DispatcherServlet        : Completed initialization in 2 ms
2025-05-04T10:15:13.630+05:30  INFO 4920 --- [product-service] [SpringApplicationShutdownHook] o.s.b.w.e.tomcat.GracefulShutdown        : Commencing graceful shutdown. Waiting for active requests to complete
2025-05-04T10:15:19.429+05:30  INFO 22460 --- [product-service] [main] c.s.p.ProductServiceApplication          : Starting ProductServiceApplication using Java 23.0.1 with PID 22460 (C:\Users\IPK Computer X\Documents\GitHub\product-service\target\classes started by IPK Computer X in C:\Users\IPK Computer X\Documents\GitHub\product-service)
2025-05-04T10:15:19.431+05:30  INFO 22460 --- [product-service] [main] c.s.p.ProductServiceApplication          : No active profile set, falling back to 1 default profile: "default"
2025-05-04T10:15:19.951+05:30  INFO 22460 --- [product-service] [main] .s.d.r.c.RepositoryConfigurationDelegate : Bootstrapping Spring Data JPA repositories in DEFAULT mode.
2025-05-04T10:15:19.996+05:30  INFO 22460 --- [product-service] [main] .s.d.r.c.RepositoryConfigurationDelegate : Finished Spring Data repository scanning in 37 ms. Found 1 JPA repository interface.
2025-05-04T10:15:20.703+05:30  INFO 22460 --- [product-service] [main] o.s.b.w.embedded.tomcat.TomcatWebServer  : Tomcat initialized with port 8080 (http)
2025-05-04T10:15:20.717+05:30  INFO 22460 --- [product-service] [main] o.apache.catalina.core.StandardService   : Starting service [Tomcat]
2025-05-04T10:15:20.717+05:30  INFO 22460 --- [product-service] [main] o.apache.catalina.core.StandardEngine    : Starting Servlet engine: [Apache Tomcat/10.1.40]
2025-05-04T10:15:20.768+05:30  INFO 22460 --- [product-service] [main] o.a.c.c.C.[Tomcat].[localhost].[/]       : Initializing Spring embedded WebApplicationContext
2025-05-04T10:15:20.768+05:30  INFO 22460 --- [product-service] [main] w.s.c.ServletWebServerApplicationContext : Root WebApplicationContext: initialization completed in 1274 ms
2025-05-04T10:15:20.940+05:30  INFO 22460 --- [product-service] [main] o.hibernate.jpa.internal.util.LogHelper  : HHH000204: Processing PersistenceUnitInfo [name: default]
2025-05-04T10:15:21.018+05:30  INFO 22460 --- [product-service] [main] org.hibernate.Version                    : HHH000412: Hibernate ORM core version 6.6.13.Final
2025-05-04T10:15:21.056+05:30  INFO 22460 --- [product-service] [main] o.h.c.internal.RegionFactoryInitiator    : HHH000026: Second-level cache disabled
2025-05-04T10:15:21.417+05:30  INFO 22460 --- [product-service] [main] o.s.o.j.p.SpringPersistenceUnitInfo      : No LoadTimeWeaver setup: ignoring JPA class transformer
2025-05-04T10:15:21.451+05:30  INFO 22460 --- [product-service] [main] com.zaxxer.hikari.HikariDataSource       : HikariPool-1 - Starting...
2025-05-04T10:15:21.664+05:30  INFO 22460 --- [product-service] [main] com.zaxxer.hikari.pool.HikariPool        : HikariPool-1 - Added connection org.postgresql.jdbc.PgConnection@37e55819
2025-05-04T10:15:21.667+05:30  INFO 22460 --- [product-service] [main] com.zaxxer.hikari.HikariDataSource       : HikariPool-1 - Start completed.
2025-05-04T10:15:21.721+05:30  WARN 22460 --- [product-service] [main] org.hibernate.orm.deprecation            : HHH90000025: PostgreSQLDialect does not need to be specified explicitly using 'hibernate.dialect' (remove the property setting and it will be selected by default)
2025-05-04T10:15:21.740+05:30  INFO 22460 --- [product-service] [main] org.hibernate.orm.connections.pooling    : HHH10001005: Database info:
	Database JDBC URL [Connecting through datasource 'HikariDataSource (HikariPool-1)']
	Database driver: undefined/unknown
	Database version: 16.3
	Autocommit mode: undefined/unknown
	Isolation level: undefined/unknown
	Minimum pool size: undefined/unknown
	Maximum pool size: undefined/unknown
2025-05-04T10:15:22.506+05:30  INFO 22460 --- [product-service] [main] o.h.e.t.j.p.i.JtaPlatformInitiator       : HHH000489: No JTA platform available (set 'hibernate.transaction.jta.platform' to enable JTA platform integration)
2025-05-04T10:15:22.585+05:30  INFO 22460 --- [product-service] [main] j.LocalContainerEntityManagerFactoryBean : Initialized JPA EntityManagerFactory for persistence unit 'default'
2025-05-04T10:15:22.907+05:30  WARN 22460 --- [product-service] [main] JpaBaseConfiguration$JpaWebConfiguration : spring.jpa.open-in-view is enabled by default. Therefore, database queries may be performed during view rendering. Explicitly configure spring.jpa.open-in-view to disable this warning
2025-05-04T10:15:23.250+05:30  WARN 22460 --- [product-service] [main] ion$DefaultTemplateResolverConfiguration : Cannot find template location: classpath:/templates/ (please add some templates, check your Thymeleaf configuration, or set spring.thymeleaf.check-template-location=false)
2025-05-04T10:15:23.354+05:30  WARN 22460 --- [product-service] [main] .s.s.UserDetailsServiceAutoConfiguration : 

Using generated security password: 9315f999-b106-4d90-9785-3d23e753276f

This generated password is for development use only. Your security configuration must be updated before running your application in production.

2025-05-04T10:15:23.367+05:30  INFO 22460 --- [product-service] [main] r$InitializeUserDetailsManagerConfigurer : Global AuthenticationManager configured with UserDetailsService bean with name inMemoryUserDetailsManager
2025-05-04T10:15:23.558+05:30  INFO 22460 --- [product-service] [main] o.s.b.w.embedded.tomcat.TomcatWebServer  : Tomcat started on port 8080 (http) with context path '/'
2025-05-04T10:15:23.564+05:30  INFO 22460 --- [product-service] [main] c.s.p.ProductServiceApplication          : Started ProductServiceApplication in 4.649 seconds (process running for 5.416)
2025-05-04T10:15:41.091+05:30  INFO 22460 --- [product-service] [http-nio-8080-exec-4] o.a.c.c.C.[Tomcat].[localhost].[/]       : Initializing Spring DispatcherServlet 'dispatcherServlet'
2025-05-04T10:15:41.092+05:30  INFO 22460 --- [product-service] [http-nio-8080-exec-4] o.s.web.servlet.DispatcherServlet        : Initializing Servlet 'dispatcherServlet'
2025-05-04T10:15:41.093+05:30  INFO 22460 --- [product-service] [http-nio-8080-exec-4] o.s.web.servlet.DispatcherServlet        : Completed initialization in 1 ms
2025-05-04T10:16:27.798+05:30  INFO 22460 --- [product-service] [SpringApplicationShutdownHook] o.s.b.w.e.tomcat.GracefulShutdown        : Commencing graceful shutdown. Waiting for active requests to complete
2025-05-04T10:16:27.823+05:30  INFO 22460 --- [product-service] [tomcat-shutdown] o.s.b.w.e.tomcat.GracefulShutdown        : Graceful shutdown complete
2025-05-04T10:16:27.835+05:30  INFO 22460 --- [product-service] [SpringApplicationShutdownHook] j.LocalContainerEntityManagerFactoryBean : Closing JPA EntityManagerFactory for persistence unit 'default'
2025-05-04T10:16:27.842+05:30  INFO 22460 --- [product-service] [SpringApplicationShutdownHook] com.zaxxer.hikari.HikariDataSource       : HikariPool-1 - Shutdown initiated...
2025-05-04T10:16:27.847+05:30  INFO 22460 --- [product-service] [SpringApplicationShutdownHook] com.zaxxer.hikari.HikariDataSource       : HikariPool-1 - Shutdown completed.
2025-05-04T10:16:31.084+05:30  INFO 14972 --- [product-service] [main] c.s.p.ProductServiceApplication          : Starting ProductServiceApplication using Java 23.0.1 with PID 14972 (C:\Users\IPK Computer X\Documents\GitHub\product-service\target\classes started by IPK Computer X in C:\Users\IPK Computer X\Documents\GitHub\product-service)
2025-05-04T10:16:31.087+05:30  INFO 14972 --- [product-service] [main] c.s.p.ProductServiceApplication          : No active profile set, falling back to 1 default profile: "default"
2025-05-04T10:16:31.583+05:30  INFO 14972 --- [product-service] [main] .s.d.r.c.RepositoryConfigurationDelegate : Bootstrapping Spring Data JPA repositories in DEFAULT mode.
2025-05-04T10:16:31.627+05:30  INFO 14972 --- [product-service] [main] .s.d.r.c.RepositoryConfigurationDelegate : Finished Spring Data repository scanning in 37 ms. Found 1 JPA repository interface.
2025-05-04T10:16:32.254+05:30  INFO 14972 --- [product-service] [main] o.s.b.w.embedded.tomcat.TomcatWebServer  : Tomcat initialized with port 8080 (http)
2025-05-04T10:16:32.268+05:30  INFO 14972 --- [product-service] [main] o.apache.catalina.core.StandardService   : Starting service [Tomcat]
2025-05-04T10:16:32.268+05:30  INFO 14972 --- [product-service] [main] o.apache.catalina.core.StandardEngine    : Starting Servlet engine: [Apache Tomcat/10.1.40]
2025-05-04T10:16:32.314+05:30  INFO 14972 --- [product-service] [main] o.a.c.c.C.[Tomcat].[localhost].[/]       : Initializing Spring embedded WebApplicationContext
2025-05-04T10:16:32.315+05:30  INFO 14972 --- [product-service] [main] w.s.c.ServletWebServerApplicationContext : Root WebApplicationContext: initialization completed in 1159 ms
2025-05-04T10:16:32.469+05:30  INFO 14972 --- [product-service] [main] o.hibernate.jpa.internal.util.LogHelper  : HHH000204: Processing PersistenceUnitInfo [name: default]
2025-05-04T10:16:32.545+05:30  INFO 14972 --- [product-service] [main] org.hibernate.Version                    : HHH000412: Hibernate ORM core version 6.6.13.Final
2025-05-04T10:16:32.580+05:30  INFO 14972 --- [product-service] [main] o.h.c.internal.RegionFactoryInitiator    : HHH000026: Second-level cache disabled
2025-05-04T10:16:32.863+05:30  INFO 14972 --- [product-service] [main] o.s.o.j.p.SpringPersistenceUnitInfo      : No LoadTimeWeaver setup: ignoring JPA class transformer
2025-05-04T10:16:32.892+05:30  INFO 14972 --- [product-service] [main] com.zaxxer.hikari.HikariDataSource       : HikariPool-1 - Starting...
2025-05-04T10:16:33.045+05:30  INFO 14972 --- [product-service] [main] com.zaxxer.hikari.pool.HikariPool        : HikariPool-1 - Added connection org.postgresql.jdbc.PgConnection@37e55819
2025-05-04T10:16:33.047+05:30  INFO 14972 --- [product-service] [main] com.zaxxer.hikari.HikariDataSource       : HikariPool-1 - Start completed.
2025-05-04T10:16:33.088+05:30  WARN 14972 --- [product-service] [main] org.hibernate.orm.deprecation            : HHH90000025: PostgreSQLDialect does not need to be specified explicitly using 'hibernate.dialect' (remove the property setting and it will be selected by default)
2025-05-04T10:16:33.113+05:30  INFO 14972 --- [product-service] [main] org.hibernate.orm.connections.pooling    : HHH10001005: Database info:
	Database JDBC URL [Connecting through datasource 'HikariDataSource (HikariPool-1)']
	Database driver: undefined/unknown
	Database version: 16.3
	Autocommit mode: undefined/unknown
	Isolation level: undefined/unknown
	Minimum pool size: undefined/unknown
	Maximum pool size: undefined/unknown
2025-05-04T10:16:33.867+05:30  INFO 14972 --- [product-service] [main] o.h.e.t.j.p.i.JtaPlatformInitiator       : HHH000489: No JTA platform available (set 'hibernate.transaction.jta.platform' to enable JTA platform integration)
2025-05-04T10:16:33.921+05:30  INFO 14972 --- [product-service] [main] j.LocalContainerEntityManagerFactoryBean : Initialized JPA EntityManagerFactory for persistence unit 'default'
2025-05-04T10:16:34.210+05:30  WARN 14972 --- [product-service] [main] JpaBaseConfiguration$JpaWebConfiguration : spring.jpa.open-in-view is enabled by default. Therefore, database queries may be performed during view rendering. Explicitly configure spring.jpa.open-in-view to disable this warning
2025-05-04T10:16:34.245+05:30  INFO 14972 --- [product-service] [main] r$InitializeUserDetailsManagerConfigurer : Global AuthenticationManager configured with UserDetailsService bean with name userDetailsService
2025-05-04T10:16:34.558+05:30  WARN 14972 --- [product-service] [main] ion$DefaultTemplateResolverConfiguration : Cannot find template location: classpath:/templates/ (please add some templates, check your Thymeleaf configuration, or set spring.thymeleaf.check-template-location=false)
2025-05-04T10:16:34.707+05:30  INFO 14972 --- [product-service] [main] o.s.b.w.embedded.tomcat.TomcatWebServer  : Tomcat started on port 8080 (http) with context path '/'
2025-05-04T10:16:34.715+05:30  INFO 14972 --- [product-service] [main] c.s.p.ProductServiceApplication          : Started ProductServiceApplication in 4.077 seconds (process running for 4.73)
2025-05-04T10:16:49.338+05:30  INFO 14972 --- [product-service] [http-nio-8080-exec-1] o.a.c.c.C.[Tomcat].[localhost].[/]       : Initializing Spring DispatcherServlet 'dispatcherServlet'
2025-05-04T10:16:49.338+05:30  INFO 14972 --- [product-service] [http-nio-8080-exec-1] o.s.web.servlet.DispatcherServlet        : Initializing Servlet 'dispatcherServlet'
2025-05-04T10:16:49.339+05:30  INFO 14972 --- [product-service] [http-nio-8080-exec-1] o.s.web.servlet.DispatcherServlet        : Completed initialization in 1 ms
2025-05-04T10:16:49.625+05:30  INFO 14972 --- [product-service] [http-nio-8080-exec-1] c.s.p.service.Impl.ProductServiceImpl    : Adding a new product
2025-05-04T10:17:40.946+05:30  INFO 14972 --- [product-service] [http-nio-8080-exec-2] c.s.p.service.Impl.ProductServiceImpl    : Adding a new product
2025-05-04T10:17:59.706+05:30  INFO 14972 --- [product-service] [http-nio-8080-exec-5] c.s.p.service.Impl.ProductServiceImpl    : Adding a new product
2025-05-04T10:18:39.409+05:30  INFO 14972 --- [product-service] [SpringApplicationShutdownHook] o.s.b.w.e.tomcat.GracefulShutdown        : Commencing graceful shutdown. Waiting for active requests to complete
2025-05-04T10:18:39.425+05:30  INFO 14972 --- [product-service] [tomcat-shutdown] o.s.b.w.e.tomcat.GracefulShutdown        : Graceful shutdown complete
2025-05-04T10:18:39.429+05:30  INFO 14972 --- [product-service] [SpringApplicationShutdownHook] j.LocalContainerEntityManagerFactoryBean : Closing JPA EntityManagerFactory for persistence unit 'default'
2025-05-04T10:18:39.432+05:30  INFO 14972 --- [product-service] [SpringApplicationShutdownHook] com.zaxxer.hikari.HikariDataSource       : HikariPool-1 - Shutdown initiated...
2025-05-04T10:18:39.435+05:30  INFO 14972 --- [product-service] [SpringApplicationShutdownHook] com.zaxxer.hikari.HikariDataSource       : HikariPool-1 - Shutdown completed.
2025-05-04T10:18:42.619+05:30  INFO 9492 --- [product-service] [main] c.s.p.ProductServiceApplication          : Starting ProductServiceApplication using Java 23.0.1 with PID 9492 (C:\Users\IPK Computer X\Documents\GitHub\product-service\target\classes started by IPK Computer X in C:\Users\IPK Computer X\Documents\GitHub\product-service)
2025-05-04T10:18:42.621+05:30  INFO 9492 --- [product-service] [main] c.s.p.ProductServiceApplication          : No active profile set, falling back to 1 default profile: "default"
2025-05-04T10:18:43.084+05:30  INFO 9492 --- [product-service] [main] .s.d.r.c.RepositoryConfigurationDelegate : Bootstrapping Spring Data JPA repositories in DEFAULT mode.
2025-05-04T10:18:43.125+05:30  INFO 9492 --- [product-service] [main] .s.d.r.c.RepositoryConfigurationDelegate : Finished Spring Data repository scanning in 32 ms. Found 1 JPA repository interface.
2025-05-04T10:18:43.746+05:30  INFO 9492 --- [product-service] [main] o.s.b.w.embedded.tomcat.TomcatWebServer  : Tomcat initialized with port 8080 (http)
2025-05-04T10:18:43.760+05:30  INFO 9492 --- [product-service] [main] o.apache.catalina.core.StandardService   : Starting service [Tomcat]
2025-05-04T10:18:43.761+05:30  INFO 9492 --- [product-service] [main] o.apache.catalina.core.StandardEngine    : Starting Servlet engine: [Apache Tomcat/10.1.40]
2025-05-04T10:18:43.804+05:30  INFO 9492 --- [product-service] [main] o.a.c.c.C.[Tomcat].[localhost].[/]       : Initializing Spring embedded WebApplicationContext
2025-05-04T10:18:43.804+05:30  INFO 9492 --- [product-service] [main] w.s.c.ServletWebServerApplicationContext : Root WebApplicationContext: initialization completed in 1122 ms
2025-05-04T10:18:43.938+05:30  INFO 9492 --- [product-service] [main] o.hibernate.jpa.internal.util.LogHelper  : HHH000204: Processing PersistenceUnitInfo [name: default]
2025-05-04T10:18:44.012+05:30  INFO 9492 --- [product-service] [main] org.hibernate.Version                    : HHH000412: Hibernate ORM core version 6.6.13.Final
2025-05-04T10:18:44.054+05:30  INFO 9492 --- [product-service] [main] o.h.c.internal.RegionFactoryInitiator    : HHH000026: Second-level cache disabled
2025-05-04T10:18:44.337+05:30  INFO 9492 --- [product-service] [main] o.s.o.j.p.SpringPersistenceUnitInfo      : No LoadTimeWeaver setup: ignoring JPA class transformer
2025-05-04T10:18:44.363+05:30  INFO 9492 --- [product-service] [main] com.zaxxer.hikari.HikariDataSource       : HikariPool-1 - Starting...
2025-05-04T10:18:44.625+05:30  INFO 9492 --- [product-service] [main] com.zaxxer.hikari.pool.HikariPool        : HikariPool-1 - Added connection org.postgresql.jdbc.PgConnection@5871a482
2025-05-04T10:18:44.627+05:30  INFO 9492 --- [product-service] [main] com.zaxxer.hikari.HikariDataSource       : HikariPool-1 - Start completed.
2025-05-04T10:18:44.668+05:30  WARN 9492 --- [product-service] [main] org.hibernate.orm.deprecation            : HHH90000025: PostgreSQLDialect does not need to be specified explicitly using 'hibernate.dialect' (remove the property setting and it will be selected by default)
2025-05-04T10:18:44.686+05:30  INFO 9492 --- [product-service] [main] org.hibernate.orm.connections.pooling    : HHH10001005: Database info:
	Database JDBC URL [Connecting through datasource 'HikariDataSource (HikariPool-1)']
	Database driver: undefined/unknown
	Database version: 16.3
	Autocommit mode: undefined/unknown
	Isolation level: undefined/unknown
	Minimum pool size: undefined/unknown
	Maximum pool size: undefined/unknown
2025-05-04T10:18:45.442+05:30  INFO 9492 --- [product-service] [main] o.h.e.t.j.p.i.JtaPlatformInitiator       : HHH000489: No JTA platform available (set 'hibernate.transaction.jta.platform' to enable JTA platform integration)
2025-05-04T10:18:45.498+05:30  INFO 9492 --- [product-service] [main] j.LocalContainerEntityManagerFactoryBean : Initialized JPA EntityManagerFactory for persistence unit 'default'
2025-05-04T10:18:45.788+05:30  WARN 9492 --- [product-service] [main] JpaBaseConfiguration$JpaWebConfiguration : spring.jpa.open-in-view is enabled by default. Therefore, database queries may be performed during view rendering. Explicitly configure spring.jpa.open-in-view to disable this warning
2025-05-04T10:18:45.821+05:30  INFO 9492 --- [product-service] [main] r$InitializeUserDetailsManagerConfigurer : Global AuthenticationManager configured with UserDetailsService bean with name userDetailsService
2025-05-04T10:18:46.099+05:30  WARN 9492 --- [product-service] [main] ion$DefaultTemplateResolverConfiguration : Cannot find template location: classpath:/templates/ (please add some templates, check your Thymeleaf configuration, or set spring.thymeleaf.check-template-location=false)
2025-05-04T10:18:46.244+05:30  INFO 9492 --- [product-service] [main] o.s.b.w.embedded.tomcat.TomcatWebServer  : Tomcat started on port 8080 (http) with context path '/'
2025-05-04T10:18:46.251+05:30  INFO 9492 --- [product-service] [main] c.s.p.ProductServiceApplication          : Started ProductServiceApplication in 4.042 seconds (process running for 4.637)
2025-05-04T10:18:49.542+05:30  INFO 9492 --- [product-service] [http-nio-8080-exec-1] o.a.c.c.C.[Tomcat].[localhost].[/]       : Initializing Spring DispatcherServlet 'dispatcherServlet'
2025-05-04T10:18:49.542+05:30  INFO 9492 --- [product-service] [http-nio-8080-exec-1] o.s.web.servlet.DispatcherServlet        : Initializing Servlet 'dispatcherServlet'
2025-05-04T10:18:49.543+05:30  INFO 9492 --- [product-service] [http-nio-8080-exec-1] o.s.web.servlet.DispatcherServlet        : Completed initialization in 1 ms
2025-05-04T10:18:49.819+05:30  INFO 9492 --- [product-service] [http-nio-8080-exec-1] c.s.p.service.Impl.ProductServiceImpl    : Adding a new product
2025-05-04T10:20:55.505+05:30  INFO 9492 --- [product-service] [SpringApplicationShutdownHook] o.s.b.w.e.tomcat.GracefulShutdown        : Commencing graceful shutdown. Waiting for active requests to complete
2025-05-04T10:20:55.524+05:30  INFO 9492 --- [product-service] [tomcat-shutdown] o.s.b.w.e.tomcat.GracefulShutdown        : Graceful shutdown complete
2025-05-04T10:20:55.528+05:30  INFO 9492 --- [product-service] [SpringApplicationShutdownHook] j.LocalContainerEntityManagerFactoryBean : Closing JPA EntityManagerFactory for persistence unit 'default'
2025-05-04T10:20:55.531+05:30  INFO 9492 --- [product-service] [SpringApplicationShutdownHook] com.zaxxer.hikari.HikariDataSource       : HikariPool-1 - Shutdown initiated...
2025-05-04T10:20:55.535+05:30  INFO 9492 --- [product-service] [SpringApplicationShutdownHook] com.zaxxer.hikari.HikariDataSource       : HikariPool-1 - Shutdown completed.
2025-05-04T10:20:58.794+05:30  INFO 14696 --- [product-service] [main] c.s.p.ProductServiceApplication          : Starting ProductServiceApplication using Java 23.0.1 with PID 14696 (C:\Users\IPK Computer X\Documents\GitHub\product-service\target\classes started by IPK Computer X in C:\Users\IPK Computer X\Documents\GitHub\product-service)
2025-05-04T10:20:58.796+05:30  INFO 14696 --- [product-service] [main] c.s.p.ProductServiceApplication          : No active profile set, falling back to 1 default profile: "default"
2025-05-04T10:20:59.331+05:30  INFO 14696 --- [product-service] [main] .s.d.r.c.RepositoryConfigurationDelegate : Bootstrapping Spring Data JPA repositories in DEFAULT mode.
2025-05-04T10:20:59.369+05:30  INFO 14696 --- [product-service] [main] .s.d.r.c.RepositoryConfigurationDelegate : Finished Spring Data repository scanning in 31 ms. Found 1 JPA repository interface.
2025-05-04T10:21:00.103+05:30  INFO 14696 --- [product-service] [main] o.s.b.w.embedded.tomcat.TomcatWebServer  : Tomcat initialized with port 8080 (http)
2025-05-04T10:21:00.117+05:30  INFO 14696 --- [product-service] [main] o.apache.catalina.core.StandardService   : Starting service [Tomcat]
2025-05-04T10:21:00.118+05:30  INFO 14696 --- [product-service] [main] o.apache.catalina.core.StandardEngine    : Starting Servlet engine: [Apache Tomcat/10.1.40]
2025-05-04T10:21:00.168+05:30  INFO 14696 --- [product-service] [main] o.a.c.c.C.[Tomcat].[localhost].[/]       : Initializing Spring embedded WebApplicationContext
2025-05-04T10:21:00.168+05:30  INFO 14696 --- [product-service] [main] w.s.c.ServletWebServerApplicationContext : Root WebApplicationContext: initialization completed in 1292 ms
2025-05-04T10:21:00.293+05:30  INFO 14696 --- [product-service] [main] o.hibernate.jpa.internal.util.LogHelper  : HHH000204: Processing PersistenceUnitInfo [name: default]
2025-05-04T10:21:00.361+05:30  INFO 14696 --- [product-service] [main] org.hibernate.Version                    : HHH000412: Hibernate ORM core version 6.6.13.Final
2025-05-04T10:21:00.402+05:30  INFO 14696 --- [product-service] [main] o.h.c.internal.RegionFactoryInitiator    : HHH000026: Second-level cache disabled
2025-05-04T10:21:00.647+05:30  INFO 14696 --- [product-service] [main] o.s.o.j.p.SpringPersistenceUnitInfo      : No LoadTimeWeaver setup: ignoring JPA class transformer
2025-05-04T10:21:00.672+05:30  INFO 14696 --- [product-service] [main] com.zaxxer.hikari.HikariDataSource       : HikariPool-1 - Starting...
2025-05-04T10:21:00.824+05:30  INFO 14696 --- [product-service] [main] com.zaxxer.hikari.pool.HikariPool        : HikariPool-1 - Added connection org.postgresql.jdbc.PgConnection@7019d619
2025-05-04T10:21:00.826+05:30  INFO 14696 --- [product-service] [main] com.zaxxer.hikari.HikariDataSource       : HikariPool-1 - Start completed.
2025-05-04T10:21:00.861+05:30  WARN 14696 --- [product-service] [main] org.hibernate.orm.deprecation            : HHH90000025: PostgreSQLDialect does not need to be specified explicitly using 'hibernate.dialect' (remove the property setting and it will be selected by default)
2025-05-04T10:21:00.885+05:30  INFO 14696 --- [product-service] [main] org.hibernate.orm.connections.pooling    : HHH10001005: Database info:
	Database JDBC URL [Connecting through datasource 'HikariDataSource (HikariPool-1)']
	Database driver: undefined/unknown
	Database version: 16.3
	Autocommit mode: undefined/unknown
	Isolation level: undefined/unknown
	Minimum pool size: undefined/unknown
	Maximum pool size: undefined/unknown
2025-05-04T10:21:01.709+05:30  INFO 14696 --- [product-service] [main] o.h.e.t.j.p.i.JtaPlatformInitiator       : HHH000489: No JTA platform available (set 'hibernate.transaction.jta.platform' to enable JTA platform integration)
2025-05-04T10:21:01.766+05:30  INFO 14696 --- [product-service] [main] j.LocalContainerEntityManagerFactoryBean : Initialized JPA EntityManagerFactory for persistence unit 'default'
2025-05-04T10:21:02.055+05:30  WARN 14696 --- [product-service] [main] JpaBaseConfiguration$JpaWebConfiguration : spring.jpa.open-in-view is enabled by default. Therefore, database queries may be performed during view rendering. Explicitly configure spring.jpa.open-in-view to disable this warning
2025-05-04T10:21:02.303+05:30  WARN 14696 --- [product-service] [main] ion$DefaultTemplateResolverConfiguration : Cannot find template location: classpath:/templates/ (please add some templates, check your Thymeleaf configuration, or set spring.thymeleaf.check-template-location=false)
2025-05-04T10:21:02.407+05:30  WARN 14696 --- [product-service] [main] .s.s.UserDetailsServiceAutoConfiguration : 

Using generated security password: 431195ad-8039-4fb3-8091-9ba7032dfeb9

This generated password is for development use only. Your security configuration must be updated before running your application in production.

2025-05-04T10:21:02.422+05:30  INFO 14696 --- [product-service] [main] r$InitializeUserDetailsManagerConfigurer : Global AuthenticationManager configured with UserDetailsService bean with name inMemoryUserDetailsManager
2025-05-04T10:21:02.618+05:30  INFO 14696 --- [product-service] [main] o.s.b.w.embedded.tomcat.TomcatWebServer  : Tomcat started on port 8080 (http) with context path '/'
2025-05-04T10:21:02.624+05:30  INFO 14696 --- [product-service] [main] c.s.p.ProductServiceApplication          : Started ProductServiceApplication in 4.434 seconds (process running for 5.085)
2025-05-04T10:21:08.961+05:30  INFO 14696 --- [product-service] [http-nio-8080-exec-6] o.a.c.c.C.[Tomcat].[localhost].[/]       : Initializing Spring DispatcherServlet 'dispatcherServlet'
2025-05-04T10:21:08.961+05:30  INFO 14696 --- [product-service] [http-nio-8080-exec-6] o.s.web.servlet.DispatcherServlet        : Initializing Servlet 'dispatcherServlet'
2025-05-04T10:21:08.963+05:30  INFO 14696 --- [product-service] [http-nio-8080-exec-6] o.s.web.servlet.DispatcherServlet        : Completed initialization in 2 ms
2025-05-04T10:21:49.777+05:30  INFO 14696 --- [product-service] [SpringApplicationShutdownHook] o.s.b.w.e.tomcat.GracefulShutdown        : Commencing graceful shutdown. Waiting for active requests to complete
2025-05-04T10:21:49.796+05:30  INFO 14696 --- [product-service] [tomcat-shutdown] o.s.b.w.e.tomcat.GracefulShutdown        : Graceful shutdown complete
2025-05-04T10:21:49.804+05:30  INFO 14696 --- [product-service] [SpringApplicationShutdownHook] j.LocalContainerEntityManagerFactoryBean : Closing JPA EntityManagerFactory for persistence unit 'default'
2025-05-04T10:21:49.810+05:30  INFO 14696 --- [product-service] [SpringApplicationShutdownHook] com.zaxxer.hikari.HikariDataSource       : HikariPool-1 - Shutdown initiated...
2025-05-04T10:21:49.817+05:30  INFO 14696 --- [product-service] [SpringApplicationShutdownHook] com.zaxxer.hikari.HikariDataSource       : HikariPool-1 - Shutdown completed.
2025-05-04T10:21:53.189+05:30  INFO 17000 --- [product-service] [main] c.s.p.ProductServiceApplication          : Starting ProductServiceApplication using Java 23.0.1 with PID 17000 (C:\Users\IPK Computer X\Documents\GitHub\product-service\target\classes started by IPK Computer X in C:\Users\IPK Computer X\Documents\GitHub\product-service)
2025-05-04T10:21:53.192+05:30  INFO 17000 --- [product-service] [main] c.s.p.ProductServiceApplication          : No active profile set, falling back to 1 default profile: "default"
2025-05-04T10:21:53.660+05:30  INFO 17000 --- [product-service] [main] .s.d.r.c.RepositoryConfigurationDelegate : Bootstrapping Spring Data JPA repositories in DEFAULT mode.
2025-05-04T10:21:53.698+05:30  INFO 17000 --- [product-service] [main] .s.d.r.c.RepositoryConfigurationDelegate : Finished Spring Data repository scanning in 30 ms. Found 1 JPA repository interface.
2025-05-04T10:21:54.298+05:30  INFO 17000 --- [product-service] [main] o.s.b.w.embedded.tomcat.TomcatWebServer  : Tomcat initialized with port 8080 (http)
2025-05-04T10:21:54.312+05:30  INFO 17000 --- [product-service] [main] o.apache.catalina.core.StandardService   : Starting service [Tomcat]
2025-05-04T10:21:54.313+05:30  INFO 17000 --- [product-service] [main] o.apache.catalina.core.StandardEngine    : Starting Servlet engine: [Apache Tomcat/10.1.40]
2025-05-04T10:21:54.399+05:30  INFO 17000 --- [product-service] [main] o.a.c.c.C.[Tomcat].[localhost].[/]       : Initializing Spring embedded WebApplicationContext
2025-05-04T10:21:54.400+05:30  INFO 17000 --- [product-service] [main] w.s.c.ServletWebServerApplicationContext : Root WebApplicationContext: initialization completed in 1131 ms
2025-05-04T10:21:54.543+05:30  INFO 17000 --- [product-service] [main] o.hibernate.jpa.internal.util.LogHelper  : HHH000204: Processing PersistenceUnitInfo [name: default]
2025-05-04T10:21:54.611+05:30  INFO 17000 --- [product-service] [main] org.hibernate.Version                    : HHH000412: Hibernate ORM core version 6.6.13.Final
2025-05-04T10:21:54.644+05:30  INFO 17000 --- [product-service] [main] o.h.c.internal.RegionFactoryInitiator    : HHH000026: Second-level cache disabled
2025-05-04T10:21:54.906+05:30  INFO 17000 --- [product-service] [main] o.s.o.j.p.SpringPersistenceUnitInfo      : No LoadTimeWeaver setup: ignoring JPA class transformer
2025-05-04T10:21:54.932+05:30  INFO 17000 --- [product-service] [main] com.zaxxer.hikari.HikariDataSource       : HikariPool-1 - Starting...
2025-05-04T10:21:55.076+05:30  INFO 17000 --- [product-service] [main] com.zaxxer.hikari.pool.HikariPool        : HikariPool-1 - Added connection org.postgresql.jdbc.PgConnection@4ad1a276
2025-05-04T10:21:55.077+05:30  INFO 17000 --- [product-service] [main] com.zaxxer.hikari.HikariDataSource       : HikariPool-1 - Start completed.
2025-05-04T10:21:55.118+05:30  WARN 17000 --- [product-service] [main] org.hibernate.orm.deprecation            : HHH90000025: PostgreSQLDialect does not need to be specified explicitly using 'hibernate.dialect' (remove the property setting and it will be selected by default)
2025-05-04T10:21:55.139+05:30  INFO 17000 --- [product-service] [main] org.hibernate.orm.connections.pooling    : HHH10001005: Database info:
	Database JDBC URL [Connecting through datasource 'HikariDataSource (HikariPool-1)']
	Database driver: undefined/unknown
	Database version: 16.3
	Autocommit mode: undefined/unknown
	Isolation level: undefined/unknown
	Minimum pool size: undefined/unknown
	Maximum pool size: undefined/unknown
2025-05-04T10:21:55.877+05:30  INFO 17000 --- [product-service] [main] o.h.e.t.j.p.i.JtaPlatformInitiator       : HHH000489: No JTA platform available (set 'hibernate.transaction.jta.platform' to enable JTA platform integration)
2025-05-04T10:21:55.925+05:30  INFO 17000 --- [product-service] [main] j.LocalContainerEntityManagerFactoryBean : Initialized JPA EntityManagerFactory for persistence unit 'default'
2025-05-04T10:21:56.201+05:30  WARN 17000 --- [product-service] [main] JpaBaseConfiguration$JpaWebConfiguration : spring.jpa.open-in-view is enabled by default. Therefore, database queries may be performed during view rendering. Explicitly configure spring.jpa.open-in-view to disable this warning
2025-05-04T10:21:56.432+05:30  WARN 17000 --- [product-service] [main] ion$DefaultTemplateResolverConfiguration : Cannot find template location: classpath:/templates/ (please add some templates, check your Thymeleaf configuration, or set spring.thymeleaf.check-template-location=false)
2025-05-04T10:21:56.529+05:30  WARN 17000 --- [product-service] [main] .s.s.UserDetailsServiceAutoConfiguration : 

Using generated security password: 23d70d3d-8fda-4e7a-a385-1464b969f22a

This generated password is for development use only. Your security configuration must be updated before running your application in production.

2025-05-04T10:21:56.540+05:30  INFO 17000 --- [product-service] [main] r$InitializeUserDetailsManagerConfigurer : Global AuthenticationManager configured with UserDetailsService bean with name inMemoryUserDetailsManager
2025-05-04T10:21:56.694+05:30  INFO 17000 --- [product-service] [main] o.s.b.w.embedded.tomcat.TomcatWebServer  : Tomcat started on port 8080 (http) with context path '/'
2025-05-04T10:21:56.703+05:30  INFO 17000 --- [product-service] [main] c.s.p.ProductServiceApplication          : Started ProductServiceApplication in 3.977 seconds (process running for 4.581)
2025-05-04T10:27:20.619+05:30  INFO 17000 --- [product-service] [SpringApplicationShutdownHook] o.s.b.w.e.tomcat.GracefulShutdown        : Commencing graceful shutdown. Waiting for active requests to complete
2025-05-04T10:27:20.697+05:30  INFO 17000 --- [product-service] [tomcat-shutdown] o.s.b.w.e.tomcat.GracefulShutdown        : Graceful shutdown complete
2025-05-04T10:27:20.769+05:30  INFO 17000 --- [product-service] [SpringApplicationShutdownHook] j.LocalContainerEntityManagerFactoryBean : Closing JPA EntityManagerFactory for persistence unit 'default'
2025-05-04T10:27:20.836+05:30  INFO 17000 --- [product-service] [SpringApplicationShutdownHook] com.zaxxer.hikari.HikariDataSource       : HikariPool-1 - Shutdown initiated...
2025-05-04T10:27:20.873+05:30  INFO 17000 --- [product-service] [SpringApplicationShutdownHook] com.zaxxer.hikari.HikariDataSource       : HikariPool-1 - Shutdown completed.
2025-05-04T10:27:25.688+05:30  INFO 6660 --- [product-service] [main] c.s.p.ProductServiceApplication          : Starting ProductServiceApplication using Java 23.0.1 with PID 6660 (C:\Users\IPK Computer X\Documents\GitHub\product-service\target\classes started by IPK Computer X in C:\Users\IPK Computer X\Documents\GitHub\product-service)
2025-05-04T10:27:25.690+05:30  INFO 6660 --- [product-service] [main] c.s.p.ProductServiceApplication          : No active profile set, falling back to 1 default profile: "default"
2025-05-04T10:27:26.674+05:30  INFO 6660 --- [product-service] [main] .s.d.r.c.RepositoryConfigurationDelegate : Bootstrapping Spring Data JPA repositories in DEFAULT mode.
2025-05-04T10:27:26.727+05:30  INFO 6660 --- [product-service] [main] .s.d.r.c.RepositoryConfigurationDelegate : Finished Spring Data repository scanning in 45 ms. Found 1 JPA repository interface.
2025-05-04T10:27:27.670+05:30  INFO 6660 --- [product-service] [main] o.s.b.w.embedded.tomcat.TomcatWebServer  : Tomcat initialized with port 8080 (http)
2025-05-04T10:27:27.684+05:30  INFO 6660 --- [product-service] [main] o.apache.catalina.core.StandardService   : Starting service [Tomcat]
2025-05-04T10:27:27.685+05:30  INFO 6660 --- [product-service] [main] o.apache.catalina.core.StandardEngine    : Starting Servlet engine: [Apache Tomcat/10.1.40]
2025-05-04T10:27:27.732+05:30  INFO 6660 --- [product-service] [main] o.a.c.c.C.[Tomcat].[localhost].[/]       : Initializing Spring embedded WebApplicationContext
2025-05-04T10:27:27.732+05:30  INFO 6660 --- [product-service] [main] w.s.c.ServletWebServerApplicationContext : Root WebApplicationContext: initialization completed in 1934 ms
2025-05-04T10:27:27.886+05:30  INFO 6660 --- [product-service] [main] o.hibernate.jpa.internal.util.LogHelper  : HHH000204: Processing PersistenceUnitInfo [name: default]
2025-05-04T10:27:27.951+05:30  INFO 6660 --- [product-service] [main] org.hibernate.Version                    : HHH000412: Hibernate ORM core version 6.6.13.Final
2025-05-04T10:27:27.981+05:30  INFO 6660 --- [product-service] [main] o.h.c.internal.RegionFactoryInitiator    : HHH000026: Second-level cache disabled
2025-05-04T10:27:28.252+05:30  INFO 6660 --- [product-service] [main] o.s.o.j.p.SpringPersistenceUnitInfo      : No LoadTimeWeaver setup: ignoring JPA class transformer
2025-05-04T10:27:28.280+05:30  INFO 6660 --- [product-service] [main] com.zaxxer.hikari.HikariDataSource       : HikariPool-1 - Starting...
2025-05-04T10:27:28.475+05:30  INFO 6660 --- [product-service] [main] com.zaxxer.hikari.pool.HikariPool        : HikariPool-1 - Added connection org.postgresql.jdbc.PgConnection@24a3d414
2025-05-04T10:27:28.477+05:30  INFO 6660 --- [product-service] [main] com.zaxxer.hikari.HikariDataSource       : HikariPool-1 - Start completed.
2025-05-04T10:27:28.528+05:30  WARN 6660 --- [product-service] [main] org.hibernate.orm.deprecation            : HHH90000025: PostgreSQLDialect does not need to be specified explicitly using 'hibernate.dialect' (remove the property setting and it will be selected by default)
2025-05-04T10:27:28.550+05:30  INFO 6660 --- [product-service] [main] org.hibernate.orm.connections.pooling    : HHH10001005: Database info:
	Database JDBC URL [Connecting through datasource 'HikariDataSource (HikariPool-1)']
	Database driver: undefined/unknown
	Database version: 16.3
	Autocommit mode: undefined/unknown
	Isolation level: undefined/unknown
	Minimum pool size: undefined/unknown
	Maximum pool size: undefined/unknown
2025-05-04T10:27:29.379+05:30  INFO 6660 --- [product-service] [main] o.h.e.t.j.p.i.JtaPlatformInitiator       : HHH000489: No JTA platform available (set 'hibernate.transaction.jta.platform' to enable JTA platform integration)
2025-05-04T10:27:29.452+05:30  INFO 6660 --- [product-service] [main] j.LocalContainerEntityManagerFactoryBean : Initialized JPA EntityManagerFactory for persistence unit 'default'
2025-05-04T10:27:29.755+05:30  WARN 6660 --- [product-service] [main] JpaBaseConfiguration$JpaWebConfiguration : spring.jpa.open-in-view is enabled by default. Therefore, database queries may be performed during view rendering. Explicitly configure spring.jpa.open-in-view to disable this warning
2025-05-04T10:27:29.973+05:30  WARN 6660 --- [product-service] [main] ion$DefaultTemplateResolverConfiguration : Cannot find template location: classpath:/templates/ (please add some templates, check your Thymeleaf configuration, or set spring.thymeleaf.check-template-location=false)
2025-05-04T10:27:30.073+05:30  WARN 6660 --- [product-service] [main] .s.s.UserDetailsServiceAutoConfiguration : 

Using generated security password: c7c18958-a20d-46b2-8f98-bcb2ce98285b

This generated password is for development use only. Your security configuration must be updated before running your application in production.

2025-05-04T10:27:30.085+05:30  INFO 6660 --- [product-service] [main] r$InitializeUserDetailsManagerConfigurer : Global AuthenticationManager configured with UserDetailsService bean with name inMemoryUserDetailsManager
2025-05-04T10:27:30.259+05:30  INFO 6660 --- [product-service] [main] o.s.b.w.embedded.tomcat.TomcatWebServer  : Tomcat started on port 8080 (http) with context path '/'
2025-05-04T10:27:30.266+05:30  INFO 6660 --- [product-service] [main] c.s.p.ProductServiceApplication          : Started ProductServiceApplication in 5.219 seconds (process running for 6.179)
2025-05-04T10:27:38.156+05:30  INFO 6660 --- [product-service] [http-nio-8080-exec-6] o.a.c.c.C.[Tomcat].[localhost].[/]       : Initializing Spring DispatcherServlet 'dispatcherServlet'
2025-05-04T10:27:38.157+05:30  INFO 6660 --- [product-service] [http-nio-8080-exec-6] o.s.web.servlet.DispatcherServlet        : Initializing Servlet 'dispatcherServlet'
2025-05-04T10:27:38.158+05:30  INFO 6660 --- [product-service] [http-nio-8080-exec-6] o.s.web.servlet.DispatcherServlet        : Completed initialization in 1 ms
2025-05-04T10:28:35.931+05:30  INFO 6660 --- [product-service] [SpringApplicationShutdownHook] o.s.b.w.e.tomcat.GracefulShutdown        : Commencing graceful shutdown. Waiting for active requests to complete
2025-05-04T10:28:35.946+05:30  INFO 6660 --- [product-service] [tomcat-shutdown] o.s.b.w.e.tomcat.GracefulShutdown        : Graceful shutdown complete
2025-05-04T10:28:35.950+05:30  INFO 6660 --- [product-service] [SpringApplicationShutdownHook] j.LocalContainerEntityManagerFactoryBean : Closing JPA EntityManagerFactory for persistence unit 'default'
2025-05-04T10:28:35.953+05:30  INFO 6660 --- [product-service] [SpringApplicationShutdownHook] com.zaxxer.hikari.HikariDataSource       : HikariPool-1 - Shutdown initiated...
2025-05-04T10:28:35.956+05:30  INFO 6660 --- [product-service] [SpringApplicationShutdownHook] com.zaxxer.hikari.HikariDataSource       : HikariPool-1 - Shutdown completed.
2025-05-04T10:38:17.834+05:30  INFO 21428 --- [product-service] [main] c.s.p.ProductServiceApplication          : Starting ProductServiceApplication using Java 23.0.1 with PID 21428 (C:\Users\IPK Computer X\Documents\GitHub\product-service\target\classes started by IPK Computer X in C:\Users\IPK Computer X\Documents\GitHub\product-service)
2025-05-04T10:38:17.836+05:30  INFO 21428 --- [product-service] [main] c.s.p.ProductServiceApplication          : No active profile set, falling back to 1 default profile: "default"
2025-05-04T10:38:18.709+05:30  INFO 21428 --- [product-service] [main] .s.d.r.c.RepositoryConfigurationDelegate : Bootstrapping Spring Data JPA repositories in DEFAULT mode.
2025-05-04T10:38:18.766+05:30  INFO 21428 --- [product-service] [main] .s.d.r.c.RepositoryConfigurationDelegate : Finished Spring Data repository scanning in 44 ms. Found 1 JPA repository interface.
2025-05-04T10:38:19.570+05:30  INFO 21428 --- [product-service] [main] o.s.b.w.embedded.tomcat.TomcatWebServer  : Tomcat initialized with port 8080 (http)
2025-05-04T10:38:19.587+05:30  INFO 21428 --- [product-service] [main] o.apache.catalina.core.StandardService   : Starting service [Tomcat]
2025-05-04T10:38:19.588+05:30  INFO 21428 --- [product-service] [main] o.apache.catalina.core.StandardEngine    : Starting Servlet engine: [Apache Tomcat/10.1.40]
2025-05-04T10:38:19.652+05:30  INFO 21428 --- [product-service] [main] o.a.c.c.C.[Tomcat].[localhost].[/]       : Initializing Spring embedded WebApplicationContext
2025-05-04T10:38:19.652+05:30  INFO 21428 --- [product-service] [main] w.s.c.ServletWebServerApplicationContext : Root WebApplicationContext: initialization completed in 1741 ms
2025-05-04T10:38:19.874+05:30  INFO 21428 --- [product-service] [main] o.hibernate.jpa.internal.util.LogHelper  : HHH000204: Processing PersistenceUnitInfo [name: default]
2025-05-04T10:38:19.937+05:30  INFO 21428 --- [product-service] [main] org.hibernate.Version                    : HHH000412: Hibernate ORM core version 6.6.13.Final
2025-05-04T10:38:19.971+05:30  INFO 21428 --- [product-service] [main] o.h.c.internal.RegionFactoryInitiator    : HHH000026: Second-level cache disabled
2025-05-04T10:38:20.297+05:30  INFO 21428 --- [product-service] [main] o.s.o.j.p.SpringPersistenceUnitInfo      : No LoadTimeWeaver setup: ignoring JPA class transformer
2025-05-04T10:38:20.332+05:30  INFO 21428 --- [product-service] [main] com.zaxxer.hikari.HikariDataSource       : HikariPool-1 - Starting...
2025-05-04T10:38:20.601+05:30  INFO 21428 --- [product-service] [main] com.zaxxer.hikari.pool.HikariPool        : HikariPool-1 - Added connection org.postgresql.jdbc.PgConnection@1e29a81a
2025-05-04T10:38:20.603+05:30  INFO 21428 --- [product-service] [main] com.zaxxer.hikari.HikariDataSource       : HikariPool-1 - Start completed.
2025-05-04T10:38:20.673+05:30  WARN 21428 --- [product-service] [main] org.hibernate.orm.deprecation            : HHH90000025: PostgreSQLDialect does not need to be specified explicitly using 'hibernate.dialect' (remove the property setting and it will be selected by default)
2025-05-04T10:38:20.699+05:30  INFO 21428 --- [product-service] [main] org.hibernate.orm.connections.pooling    : HHH10001005: Database info:
	Database JDBC URL [Connecting through datasource 'HikariDataSource (HikariPool-1)']
	Database driver: undefined/unknown
	Database version: 16.3
	Autocommit mode: undefined/unknown
	Isolation level: undefined/unknown
	Minimum pool size: undefined/unknown
	Maximum pool size: undefined/unknown
2025-05-04T10:38:21.519+05:30  INFO 21428 --- [product-service] [main] o.h.e.t.j.p.i.JtaPlatformInitiator       : HHH000489: No JTA platform available (set 'hibernate.transaction.jta.platform' to enable JTA platform integration)
2025-05-04T10:38:21.610+05:30  INFO 21428 --- [product-service] [main] j.LocalContainerEntityManagerFactoryBean : Initialized JPA EntityManagerFactory for persistence unit 'default'
2025-05-04T10:38:21.965+05:30  WARN 21428 --- [product-service] [main] JpaBaseConfiguration$JpaWebConfiguration : spring.jpa.open-in-view is enabled by default. Therefore, database queries may be performed during view rendering. Explicitly configure spring.jpa.open-in-view to disable this warning
2025-05-04T10:38:22.209+05:30  WARN 21428 --- [product-service] [main] ion$DefaultTemplateResolverConfiguration : Cannot find template location: classpath:/templates/ (please add some templates, check your Thymeleaf configuration, or set spring.thymeleaf.check-template-location=false)
2025-05-04T10:38:22.330+05:30  WARN 21428 --- [product-service] [main] .s.s.UserDetailsServiceAutoConfiguration : 

Using generated security password: 63822504-e2b2-40e2-ab22-7049066b7e9b

This generated password is for development use only. Your security configuration must be updated before running your application in production.

2025-05-04T10:38:22.343+05:30  INFO 21428 --- [product-service] [main] r$InitializeUserDetailsManagerConfigurer : Global AuthenticationManager configured with UserDetailsService bean with name inMemoryUserDetailsManager
2025-05-04T10:38:22.599+05:30  INFO 21428 --- [product-service] [main] o.s.b.w.embedded.tomcat.TomcatWebServer  : Tomcat started on port 8080 (http) with context path '/'
2025-05-04T10:38:22.608+05:30  INFO 21428 --- [product-service] [main] c.s.p.ProductServiceApplication          : Started ProductServiceApplication in 5.194 seconds (process running for 8.379)
2025-05-04T10:39:09.963+05:30  INFO 21428 --- [product-service] [http-nio-8080-exec-1] o.a.c.c.C.[Tomcat].[localhost].[/]       : Initializing Spring DispatcherServlet 'dispatcherServlet'
2025-05-04T10:39:09.963+05:30  INFO 21428 --- [product-service] [http-nio-8080-exec-1] o.s.web.servlet.DispatcherServlet        : Initializing Servlet 'dispatcherServlet'
2025-05-04T10:39:09.964+05:30  INFO 21428 --- [product-service] [http-nio-8080-exec-1] o.s.web.servlet.DispatcherServlet        : Completed initialization in 1 ms
2025-05-04T10:39:39.068+05:30  INFO 21428 --- [product-service] [SpringApplicationShutdownHook] o.s.b.w.e.tomcat.GracefulShutdown        : Commencing graceful shutdown. Waiting for active requests to complete
2025-05-04T10:39:39.086+05:30  INFO 21428 --- [product-service] [tomcat-shutdown] o.s.b.w.e.tomcat.GracefulShutdown        : Graceful shutdown complete
2025-05-04T10:39:39.091+05:30  INFO 21428 --- [product-service] [SpringApplicationShutdownHook] j.LocalContainerEntityManagerFactoryBean : Closing JPA EntityManagerFactory for persistence unit 'default'
2025-05-04T10:39:39.097+05:30  INFO 21428 --- [product-service] [SpringApplicationShutdownHook] com.zaxxer.hikari.HikariDataSource       : HikariPool-1 - Shutdown initiated...
2025-05-04T10:39:39.104+05:30  INFO 21428 --- [product-service] [SpringApplicationShutdownHook] com.zaxxer.hikari.HikariDataSource       : HikariPool-1 - Shutdown completed.
